id,asset,w,h,url
spec-0050aebb-49347,art/0050aebb-49347/cover.webp,1080,2376,https://pub-2b4562c758ed440ab047fe9523a2d99c.r2.dev/kodex-content/art/0050aebb-49347/cover.webp
spec-00bbb1ee-49356,art/00bbb1ee-49356/cover.webp,1080,2376,https://pub-2b4562c758ed440ab047fe9523a2d99c.r2.dev/kodex-content/art/00bbb1ee-49356/cover.webp
spec-00c8b66b-52172,art/00c8b66b-52172/cover.webp,1080,2376,https://pub-2b4562c758ed440ab047fe9523a2d99c.r2.dev/kodex-content/art/00c8b66b-52172/cover.webp
spec-00cec0d0-50099,art/00cec0d0-50099/cover.webp,1080,2376,https://pub-2b4562c758ed440ab047fe9523a2d99c.r2.dev/kodex-content/art/00cec0d0-50099/cover.webp
spec-00e7dbcb-49350,art/00e7dbcb-49350/cover.webp,1080,2376,https://pub-2b4562c758ed440ab047fe9523a2d99c.r2.dev/kodex-content/art/00e7dbcb-49350/cover.webp
spec-00f04ec2-49952,art/00f04ec2-49952/cover.webp,1080,2376,https://pub-2b4562c758ed440ab047fe9523a2d99c.r2.dev/kodex-content/art/00f04ec2-49952/cover.webp
spec-014cecfe-53930,art/014cecfe-53930/cover.webp,1080,2376,https://pub-2b4562c758ed440ab047fe9523a2d99c.r2.dev/kodex-content/art/014cecfe-53930/cover.webp
spec-0155d7cc-50354,art/0155d7cc-50354/cover.webp,1080,2376,https://pub-2b4562c758ed440ab047fe9523a2d99c.r2.dev/kodex-content/art/0155d7cc-50354/cover.webp
spec-015bf7e0-51100,art/015bf7e0-51100/cover.webp,1080,2376,https://pub-2b4562c758ed440ab047fe9523a2d99c.r2.dev/kodex-content/art/015bf7e0-51100/cover.webp
spec-01b17a1a-50445,art/01b17a1a-50445/cover.webp,1080,2376,https://pub-2b4562c758ed440ab047fe9523a2d99c.r2.dev/kodex-content/art/01b17a1a-50445/cover.webp
spec-01eaaf96-50454,art/01eaaf96-50454/cover.webp,1080,2376,https://pub-2b4562c758ed440ab047fe9523a2d99c.r2.dev/kodex-content/art/01eaaf96-50454/cover.webp
spec-01efee67-51194,art/01efee67-51194/cover.webp,1080,2376,https://pub-2b4562c758ed440ab047fe9523a2d99c.r2.dev/kodex-content/art/01efee67-51194/cover.webp
spec-02a80b4b-51312,art/02a80b4b-51312/cover.webp,1080,2376,https://pub-2b4562c758ed440ab047fe9523a2d99c.r2.dev/kodex-content/art/02a80b4b-51312/cover.webp
spec-02b98bb5-51178,art/02b98bb5-51178/cover.webp,1080,2376,https://pub-2b4562c758ed440ab047fe9523a2d99c.r2.dev/kodex-content/art/02b98bb5-51178/cover.webp
spec-02e4b560-49795,art/02e4b560-49795/cover.webp,1080,2376,https://pub-2b4562c758ed440ab047fe9523a2d99c.r2.dev/kodex-content/art/02e4b560-49795/cover.webp
spec-02efa383-49869,art/02efa383-49869/cover.webp,1080,2376,https://pub-2b4562c758ed440ab047fe9523a2d99c.r2.dev/kodex-content/art/02efa383-49869/cover.webp
spec-030288b7-49967,art/030288b7-49967/cover.webp,1080,2376,https://pub-2b4562c758ed440ab047fe9523a2d99c.r2.dev/kodex-content/art/030288b7-49967/cover.webp
spec-03acbb43-49690,art/03acbb43-49690/cover.webp,1080,2376,https://pub-2b4562c758ed440ab047fe9523a2d99c.r2.dev/kodex-content/art/03acbb43-49690/cover.webp
spec-0416114c-49210,art/0416114c-49210/cover.webp,1080,2376,https://pub-2b4562c758ed440ab047fe9523a2d99c.r2.dev/kodex-content/art/0416114c-49210/cover.webp
spec-0516e606-51145,art/0516e606-51145/cover.webp,1080,2376,https://pub-2b4562c758ed440ab047fe9523a2d99c.r2.dev/kodex-content/art/0516e606-51145/cover.webp
spec-0536bf54-49958,art/0536bf54-49958/cover.webp,1080,2376,https://pub-2b4562c758ed440ab047fe9523a2d99c.r2.dev/kodex-content/art/0536bf54-49958/cover.webp
spec-05921f2d-49806,art/05921f2d-49806/cover.webp,1080,2376,https://pub-2b4562c758ed440ab047fe9523a2d99c.r2.dev/kodex-content/art/05921f2d-49806/cover.webp
spec-0597ab2a-49090,art/0597ab2a-49090/cover.webp,1080,2376,https://pub-2b4562c758ed440ab047fe9523a2d99c.r2.dev/kodex-content/art/0597ab2a-49090/cover.webp
spec-05c4b905-49098,art/05c4b905-49098/cover.webp,1080,2376,https://pub-2b4562c758ed440ab047fe9523a2d99c.r2.dev/kodex-content/art/05c4b905-49098/cover.webp
spec-0686ac7d-51364,art/0686ac7d-51364/cover.webp,1080,2376,https://pub-2b4562c758ed440ab047fe9523a2d99c.r2.dev/kodex-content/art/0686ac7d-51364/cover.webp
spec-071ffdcd-50462,art/071ffdcd-50462/cover.webp,1080,2376,https://pub-2b4562c758ed440ab047fe9523a2d99c.r2.dev/kodex-content/art/071ffdcd-50462/cover.webp
spec-075097be-50096,art/075097be-50096/cover.webp,1080,2376,https://pub-2b4562c758ed440ab047fe9523a2d99c.r2.dev/kodex-content/art/075097be-50096/cover.webp
spec-076fa4a1-50086,art/076fa4a1-50086/cover.webp,1080,2376,https://pub-2b4562c758ed440ab047fe9523a2d99c.r2.dev/kodex-content/art/076fa4a1-50086/cover.webp
spec-07c78007-49786,art/07c78007-49786/cover.webp,1080,2376,https://pub-2b4562c758ed440ab047fe9523a2d99c.r2.dev/kodex-content/art/07c78007-49786/cover.webp
spec-07ce9057-49345,art/07ce9057-49345/cover.webp,1080,2376,https://pub-2b4562c758ed440ab047fe9523a2d99c.r2.dev/kodex-content/art/07ce9057-49345/cover.webp
spec-0871a84e-50397,art/0871a84e-50397/cover.webp,1080,2376,https://pub-2b4562c758ed440ab047fe9523a2d99c.r2.dev/kodex-content/art/0871a84e-50397/cover.webp
spec-087d6421-53928,art/087d6421-53928/cover.webp,1080,2376,https://pub-2b4562c758ed440ab047fe9523a2d99c.r2.dev/kodex-content/art/087d6421-53928/cover.webp
spec-0896a3e1-53106,art/0896a3e1-53106/cover.webp,1080,2376,https://pub-2b4562c758ed440ab047fe9523a2d99c.r2.dev/kodex-content/art/0896a3e1-53106/cover.webp
spec-0958b74c-50442,art/0958b74c-50442/cover.webp,1080,2376,https://pub-2b4562c758ed440ab047fe9523a2d99c.r2.dev/kodex-content/art/0958b74c-50442/cover.webp
spec-09f7de96-49541,art/09f7de96-49541/cover.webp,1080,2376,https://pub-2b4562c758ed440ab047fe9523a2d99c.r2.dev/kodex-content/art/09f7de96-49541/cover.webp
spec-0a13f03b-49907,art/0a13f03b-49907/cover.webp,1080,2376,https://pub-2b4562c758ed440ab047fe9523a2d99c.r2.dev/kodex-content/art/0a13f03b-49907/cover.webp
spec-0a5b883e-52056,art/0a5b883e-52056/cover.webp,1080,2376,https://pub-2b4562c758ed440ab047fe9523a2d99c.r2.dev/kodex-content/art/0a5b883e-52056/cover.webp
spec-0b2612a4-51436,art/0b2612a4-51436/cover.webp,1080,2376,https://pub-2b4562c758ed440ab047fe9523a2d99c.r2.dev/kodex-content/art/0b2612a4-51436/cover.webp
spec-0ba91692-52889,art/0ba91692-52889/cover.webp,1080,2376,https://pub-2b4562c758ed440ab047fe9523a2d99c.r2.dev/kodex-content/art/0ba91692-52889/cover.webp
spec-0bb4c984-51298,art/0bb4c984-51298/cover.webp,1080,2376,https://pub-2b4562c758ed440ab047fe9523a2d99c.r2.dev/kodex-content/art/0bb4c984-51298/cover.webp
spec-0bdc2cb3-51002,art/0bdc2cb3-51002/cover.webp,1080,2376,https://pub-2b4562c758ed440ab047fe9523a2d99c.r2.dev/kodex-content/art/0bdc2cb3-51002/cover.webp
spec-0c8b9ac4-51143,art/0c8b9ac4-51143/cover.webp,1080,2376,https://pub-2b4562c758ed440ab047fe9523a2d99c.r2.dev/kodex-content/art/0c8b9ac4-51143/cover.webp
spec-0cbe3ac2-50997,art/0cbe3ac2-50997/cover.webp,1080,2376,https://pub-2b4562c758ed440ab047fe9523a2d99c.r2.dev/kodex-content/art/0cbe3ac2-50997/cover.webp
spec-0ccd7ba4-49611,art/0ccd7ba4-49611/cover.webp,1080,2376,https://pub-2b4562c758ed440ab047fe9523a2d99c.r2.dev/kodex-content/art/0ccd7ba4-49611/cover.webp
spec-0d0a73f1-50110,art/0d0a73f1-50110/cover.webp,1080,2376,https://pub-2b4562c758ed440ab047fe9523a2d99c.r2.dev/kodex-content/art/0d0a73f1-50110/cover.webp
spec-0d4aa0ef-50088,art/0d4aa0ef-50088/cover.webp,1080,2376,https://pub-2b4562c758ed440ab047fe9523a2d99c.r2.dev/kodex-content/art/0d4aa0ef-50088/cover.webp
spec-0dbfe0ec-52717,art/0dbfe0ec-52717/cover.webp,1080,2376,https://pub-2b4562c758ed440ab047fe9523a2d99c.r2.dev/kodex-content/art/0dbfe0ec-52717/cover.webp
spec-0dd267a0-48733,art/0dd267a0-48733/cover.webp,1080,2376,https://pub-2b4562c758ed440ab047fe9523a2d99c.r2.dev/kodex-content/art/0dd267a0-48733/cover.webp
spec-0de05c79-54243,art/0de05c79-54243/cover.webp,1080,2376,https://pub-2b4562c758ed440ab047fe9523a2d99c.r2.dev/kodex-content/art/0de05c79-54243/cover.webp
spec-0e019adc-54248,art/0e019adc-54248/cover.webp,1080,2376,https://pub-2b4562c758ed440ab047fe9523a2d99c.r2.dev/kodex-content/art/0e019adc-54248/cover.webp
spec-0e0f5a07-51001,art/0e0f5a07-51001/cover.webp,1080,2376,https://pub-2b4562c758ed440ab047fe9523a2d99c.r2.dev/kodex-content/art/0e0f5a07-51001/cover.webp
spec-0e940bcc-50456,art/0e940bcc-50456/cover.webp,1080,2376,https://pub-2b4562c758ed440ab047fe9523a2d99c.r2.dev/kodex-content/art/0e940bcc-50456/cover.webp
spec-0e95658a-49162,art/0e95658a-49162/cover.webp,1080,2376,https://pub-2b4562c758ed440ab047fe9523a2d99c.r2.dev/kodex-content/art/0e95658a-49162/cover.webp
spec-0ed482d2-50098,art/0ed482d2-50098/cover.webp,1080,2376,https://pub-2b4562c758ed440ab047fe9523a2d99c.r2.dev/kodex-content/art/0ed482d2-50098/cover.webp
spec-0ee48ba0-49092,art/0ee48ba0-49092/cover.webp,1080,2376,https://pub-2b4562c758ed440ab047fe9523a2d99c.r2.dev/kodex-content/art/0ee48ba0-49092/cover.webp
spec-0f8d3b82-49258,art/0f8d3b82-49258/cover.webp,1080,2376,https://pub-2b4562c758ed440ab047fe9523a2d99c.r2.dev/kodex-content/art/0f8d3b82-49258/cover.webp
spec-0fa169ac-49201,art/0fa169ac-49201/cover.webp,1080,2376,https://pub-2b4562c758ed440ab047fe9523a2d99c.r2.dev/kodex-content/art/0fa169ac-49201/cover.webp
spec-10ce2e8a-53847,art/10ce2e8a-53847/cover.webp,1080,2376,https://pub-2b4562c758ed440ab047fe9523a2d99c.r2.dev/kodex-content/art/10ce2e8a-53847/cover.webp
spec-10e0526a-49233,art/10e0526a-49233/cover.webp,1080,2376,https://pub-2b4562c758ed440ab047fe9523a2d99c.r2.dev/kodex-content/art/10e0526a-49233/cover.webp
spec-111e4940-49127,art/111e4940-49127/cover.webp,1080,2376,https://pub-2b4562c758ed440ab047fe9523a2d99c.r2.dev/kodex-content/art/111e4940-49127/cover.webp
spec-128ab6bf-50997,art/128ab6bf-50997/cover.webp,1080,2376,https://pub-2b4562c758ed440ab047fe9523a2d99c.r2.dev/kodex-content/art/128ab6bf-50997/cover.webp
spec-12b8b12d-51007,art/12b8b12d-51007/cover.webp,1080,2376,https://pub-2b4562c758ed440ab047fe9523a2d99c.r2.dev/kodex-content/art/12b8b12d-51007/cover.webp
spec-12fcf2c0-50248,art/12fcf2c0-50248/cover.webp,1080,2376,https://pub-2b4562c758ed440ab047fe9523a2d99c.r2.dev/kodex-content/art/12fcf2c0-50248/cover.webp
spec-133248ab-49234,art/133248ab-49234/cover.webp,1080,2376,https://pub-2b4562c758ed440ab047fe9523a2d99c.r2.dev/kodex-content/art/133248ab-49234/cover.webp
spec-137df8cc-49252,art/137df8cc-49252/cover.webp,1080,2376,https://pub-2b4562c758ed440ab047fe9523a2d99c.r2.dev/kodex-content/art/137df8cc-49252/cover.webp
spec-13fd4fb5-49342,art/13fd4fb5-49342/cover.webp,1080,2376,https://pub-2b4562c758ed440ab047fe9523a2d99c.r2.dev/kodex-content/art/13fd4fb5-49342/cover.webp
spec-14239cb7-48821,art/14239cb7-48821/cover.webp,1080,2376,https://pub-2b4562c758ed440ab047fe9523a2d99c.r2.dev/kodex-content/art/14239cb7-48821/cover.webp
spec-14a7e116-52297,art/14a7e116-52297/cover.webp,1080,2376,https://pub-2b4562c758ed440ab047fe9523a2d99c.r2.dev/kodex-content/art/14a7e116-52297/cover.webp
spec-14b49aa1-55139,art/14b49aa1-55139/cover.webp,1080,2376,https://pub-2b4562c758ed440ab047fe9523a2d99c.r2.dev/kodex-content/art/14b49aa1-55139/cover.webp
spec-15766f13-53702,art/15766f13-53702/cover.webp,1080,2376,https://pub-2b4562c758ed440ab047fe9523a2d99c.r2.dev/kodex-content/art/15766f13-53702/cover.webp
spec-15ec5da4-50147,art/15ec5da4-50147/cover.webp,1080,2376,https://pub-2b4562c758ed440ab047fe9523a2d99c.r2.dev/kodex-content/art/15ec5da4-50147/cover.webp
spec-1612e252-55011,art/1612e252-55011/cover.webp,1080,2376,https://pub-2b4562c758ed440ab047fe9523a2d99c.r2.dev/kodex-content/art/1612e252-55011/cover.webp
spec-1627fc44-54709,art/1627fc44-54709/cover.webp,1080,2376,https://pub-2b4562c758ed440ab047fe9523a2d99c.r2.dev/kodex-content/art/1627fc44-54709/cover.webp
spec-16687e74-50390,art/16687e74-50390/cover.webp,1080,2376,https://pub-2b4562c758ed440ab047fe9523a2d99c.r2.dev/kodex-content/art/16687e74-50390/cover.webp
spec-16a68f54-49867,art/16a68f54-49867/cover.webp,1080,2376,https://pub-2b4562c758ed440ab047fe9523a2d99c.r2.dev/kodex-content/art/16a68f54-49867/cover.webp
spec-16a8a7c2-49793,art/16a8a7c2-49793/cover.webp,1080,2376,https://pub-2b4562c758ed440ab047fe9523a2d99c.r2.dev/kodex-content/art/16a8a7c2-49793/cover.webp
spec-16b7bab0-49132,art/16b7bab0-49132/cover.webp,1080,2376,https://pub-2b4562c758ed440ab047fe9523a2d99c.r2.dev/kodex-content/art/16b7bab0-49132/cover.webp
spec-16d4a8e6-51095,art/16d4a8e6-51095/cover.webp,1080,2376,https://pub-2b4562c758ed440ab047fe9523a2d99c.r2.dev/kodex-content/art/16d4a8e6-51095/cover.webp
spec-170b69f7-49123,art/170b69f7-49123/cover.webp,1080,2376,https://pub-2b4562c758ed440ab047fe9523a2d99c.r2.dev/kodex-content/art/170b69f7-49123/cover.webp
spec-1718a643-49271,art/1718a643-49271/cover.webp,1080,2376,https://pub-2b4562c758ed440ab047fe9523a2d99c.r2.dev/kodex-content/art/1718a643-49271/cover.webp
spec-1755e449-51294,art/1755e449-51294/cover.webp,1080,2376,https://pub-2b4562c758ed440ab047fe9523a2d99c.r2.dev/kodex-content/art/1755e449-51294/cover.webp
spec-17d0a43b-53265,art/17d0a43b-53265/cover.webp,1080,2376,https://pub-2b4562c758ed440ab047fe9523a2d99c.r2.dev/kodex-content/art/17d0a43b-53265/cover.webp
spec-17e1f820-50467,art/17e1f820-50467/cover.webp,1080,2376,https://pub-2b4562c758ed440ab047fe9523a2d99c.r2.dev/kodex-content/art/17e1f820-50467/cover.webp
spec-181b4923-51141,art/181b4923-51141/cover.webp,1080,2376,https://pub-2b4562c758ed440ab047fe9523a2d99c.r2.dev/kodex-content/art/181b4923-51141/cover.webp
spec-18715d58-53181,art/18715d58-53181/cover.webp,1080,2376,https://pub-2b4562c758ed440ab047fe9523a2d99c.r2.dev/kodex-content/art/18715d58-53181/cover.webp
spec-18b1baad-51392,art/18b1baad-51392/cover.webp,1080,2376,https://pub-2b4562c758ed440ab047fe9523a2d99c.r2.dev/kodex-content/art/18b1baad-51392/cover.webp
spec-18f6246d-51326,art/18f6246d-51326/cover.webp,1080,2376,https://pub-2b4562c758ed440ab047fe9523a2d99c.r2.dev/kodex-content/art/18f6246d-51326/cover.webp
spec-1904a4f8-54418,art/1904a4f8-54418/cover.webp,1080,2376,https://pub-2b4562c758ed440ab047fe9523a2d99c.r2.dev/kodex-content/art/1904a4f8-54418/cover.webp
spec-190b9eb5-54244,art/190b9eb5-54244/cover.webp,1080,2376,https://pub-2b4562c758ed440ab047fe9523a2d99c.r2.dev/kodex-content/art/190b9eb5-54244/cover.webp
spec-191641c4-49114,art/191641c4-49114/cover.webp,1080,2376,https://pub-2b4562c758ed440ab047fe9523a2d99c.r2.dev/kodex-content/art/191641c4-49114/cover.webp
spec-193e0f9e-54479,art/193e0f9e-54479/cover.webp,1080,2376,https://pub-2b4562c758ed440ab047fe9523a2d99c.r2.dev/kodex-content/art/193e0f9e-54479/cover.webp
spec-198f87a3-54482,art/198f87a3-54482/cover.webp,1080,2376,https://pub-2b4562c758ed440ab047fe9523a2d99c.r2.dev/kodex-content/art/198f87a3-54482/cover.webp
spec-1a2956f7-49126,art/1a2956f7-49126/cover.webp,1080,2376,https://pub-2b4562c758ed440ab047fe9523a2d99c.r2.dev/kodex-content/art/1a2956f7-49126/cover.webp
spec-1a459d48-50186,art/1a459d48-50186/cover.webp,1080,2376,https://pub-2b4562c758ed440ab047fe9523a2d99c.r2.dev/kodex-content/art/1a459d48-50186/cover.webp
spec-1a593333-49830,art/1a593333-49830/cover.webp,1080,2376,https://pub-2b4562c758ed440ab047fe9523a2d99c.r2.dev/kodex-content/art/1a593333-49830/cover.webp
spec-1a79383a-54240,art/1a79383a-54240/cover.webp,1080,2376,https://pub-2b4562c758ed440ab047fe9523a2d99c.r2.dev/kodex-content/art/1a79383a-54240/cover.webp
spec-1a995070-50450,art/1a995070-50450/cover.webp,1080,2376,https://pub-2b4562c758ed440ab047fe9523a2d99c.r2.dev/kodex-content/art/1a995070-50450/cover.webp
spec-1b350061-52722,art/1b350061-52722/cover.webp,1080,2376,https://pub-2b4562c758ed440ab047fe9523a2d99c.r2.dev/kodex-content/art/1b350061-52722/cover.webp
spec-1ba17f6a-50297,art/1ba17f6a-50297/cover.webp,1080,2376,https://pub-2b4562c758ed440ab047fe9523a2d99c.r2.dev/kodex-content/art/1ba17f6a-50297/cover.webp
spec-1c1319d9-53848,art/1c1319d9-53848/cover.webp,1080,2376,https://pub-2b4562c758ed440ab047fe9523a2d99c.r2.dev/kodex-content/art/1c1319d9-53848/cover.webp
spec-1c4fa4a7-54958,art/1c4fa4a7-54958/cover.webp,1080,2376,https://pub-2b4562c758ed440ab047fe9523a2d99c.r2.dev/kodex-content/art/1c4fa4a7-54958/cover.webp
spec-1e7e1a92-51027,art/1e7e1a92-51027/cover.webp,1080,2376,https://pub-2b4562c758ed440ab047fe9523a2d99c.r2.dev/kodex-content/art/1e7e1a92-51027/cover.webp
spec-1e87ea59-54719,art/1e87ea59-54719/cover.webp,1080,2376,https://pub-2b4562c758ed440ab047fe9523a2d99c.r2.dev/kodex-content/art/1e87ea59-54719/cover.webp
spec-1ed0b48c-49815,art/1ed0b48c-49815/cover.webp,1080,2376,https://pub-2b4562c758ed440ab047fe9523a2d99c.r2.dev/kodex-content/art/1ed0b48c-49815/cover.webp
spec-1f6ea97b-49111,art/1f6ea97b-49111/cover.webp,1080,2376,https://pub-2b4562c758ed440ab047fe9523a2d99c.r2.dev/kodex-content/art/1f6ea97b-49111/cover.webp
spec-202f49df-49082,art/202f49df-49082/cover.webp,1080,2376,https://pub-2b4562c758ed440ab047fe9523a2d99c.r2.dev/kodex-content/art/202f49df-49082/cover.webp
spec-2037c4ad-51326,art/2037c4ad-51326/cover.webp,1080,2376,https://pub-2b4562c758ed440ab047fe9523a2d99c.r2.dev/kodex-content/art/2037c4ad-51326/cover.webp
spec-20eb2890-49127,art/20eb2890-49127/cover.webp,1080,2376,https://pub-2b4562c758ed440ab047fe9523a2d99c.r2.dev/kodex-content/art/20eb2890-49127/cover.webp
spec-20f78bb8-49691,art/20f78bb8-49691/cover.webp,1080,2376,https://pub-2b4562c758ed440ab047fe9523a2d99c.r2.dev/kodex-content/art/20f78bb8-49691/cover.webp
spec-21055db1-51098,art/21055db1-51098/cover.webp,1080,2376,https://pub-2b4562c758ed440ab047fe9523a2d99c.r2.dev/kodex-content/art/21055db1-51098/cover.webp
spec-2144ed00-52699,art/2144ed00-52699/cover.webp,1080,2376,https://pub-2b4562c758ed440ab047fe9523a2d99c.r2.dev/kodex-content/art/2144ed00-52699/cover.webp
spec-21e7b9a8-48810,art/21e7b9a8-48810/cover.webp,1080,2376,https://pub-2b4562c758ed440ab047fe9523a2d99c.r2.dev/kodex-content/art/21e7b9a8-48810/cover.webp
spec-21f1e4f6-49845,art/21f1e4f6-49845/cover.webp,1080,2376,https://pub-2b4562c758ed440ab047fe9523a2d99c.r2.dev/kodex-content/art/21f1e4f6-49845/cover.webp
spec-22384ffe-49273,art/22384ffe-49273/cover.webp,1080,2376,https://pub-2b4562c758ed440ab047fe9523a2d99c.r2.dev/kodex-content/art/22384ffe-49273/cover.webp
spec-22b0e974-49209,art/22b0e974-49209/cover.webp,1080,2376,https://pub-2b4562c758ed440ab047fe9523a2d99c.r2.dev/kodex-content/art/22b0e974-49209/cover.webp
spec-22cbac47-50463,art/22cbac47-50463/cover.webp,1080,2376,https://pub-2b4562c758ed440ab047fe9523a2d99c.r2.dev/kodex-content/art/22cbac47-50463/cover.webp
spec-234ca741-49801,art/234ca741-49801/cover.webp,1080,2376,https://pub-2b4562c758ed440ab047fe9523a2d99c.r2.dev/kodex-content/art/234ca741-49801/cover.webp
spec-23fcc4f6-51184,art/23fcc4f6-51184/cover.webp,1080,2376,https://pub-2b4562c758ed440ab047fe9523a2d99c.r2.dev/kodex-content/art/23fcc4f6-51184/cover.webp
spec-25111125-49545,art/25111125-49545/cover.webp,1080,2376,https://pub-2b4562c758ed440ab047fe9523a2d99c.r2.dev/kodex-content/art/25111125-49545/cover.webp
spec-2558db33-51195,art/2558db33-51195/cover.webp,1080,2376,https://pub-2b4562c758ed440ab047fe9523a2d99c.r2.dev/kodex-content/art/2558db33-51195/cover.webp
spec-255b8380-54479,art/255b8380-54479/cover.webp,1080,2376,https://pub-2b4562c758ed440ab047fe9523a2d99c.r2.dev/kodex-content/art/255b8380-54479/cover.webp
spec-257093ff-54175,art/257093ff-54175/cover.webp,582,1280,https://pub-2b4562c758ed440ab047fe9523a2d99c.r2.dev/kodex-content/art/257093ff-54175/cover.webp
spec-25dc1ebc-50085,art/25dc1ebc-50085/cover.webp,1080,2376,https://pub-2b4562c758ed440ab047fe9523a2d99c.r2.dev/kodex-content/art/25dc1ebc-50085/cover.webp
spec-261b84f3-49101,art/261b84f3-49101/cover.webp,1080,2376,https://pub-2b4562c758ed440ab047fe9523a2d99c.r2.dev/kodex-content/art/261b84f3-49101/cover.webp
spec-26577c62-54486,art/26577c62-54486/cover.webp,1080,2376,https://pub-2b4562c758ed440ab047fe9523a2d99c.r2.dev/kodex-content/art/26577c62-54486/cover.webp
spec-26a108a4-50127,art/26a108a4-50127/cover.webp,1080,2376,https://pub-2b4562c758ed440ab047fe9523a2d99c.r2.dev/kodex-content/art/26a108a4-50127/cover.webp
spec-26f65c50-49212,art/26f65c50-49212/cover.webp,1080,2376,https://pub-2b4562c758ed440ab047fe9523a2d99c.r2.dev/kodex-content/art/26f65c50-49212/cover.webp
spec-2724c970-49535,art/2724c970-49535/cover.webp,1080,2376,https://pub-2b4562c758ed440ab047fe9523a2d99c.r2.dev/kodex-content/art/2724c970-49535/cover.webp
spec-273daa28-49281,art/273daa28-49281/cover.webp,1080,2376,https://pub-2b4562c758ed440ab047fe9523a2d99c.r2.dev/kodex-content/art/273daa28-49281/cover.webp
spec-2775360c-49817,art/2775360c-49817/cover.webp,1080,2376,https://pub-2b4562c758ed440ab047fe9523a2d99c.r2.dev/kodex-content/art/2775360c-49817/cover.webp
spec-279809d5-51875,art/279809d5-51875/cover.webp,1080,2376,https://pub-2b4562c758ed440ab047fe9523a2d99c.r2.dev/kodex-content/art/279809d5-51875/cover.webp
spec-27d1f54c-48899,art/27d1f54c-48899/cover.webp,1080,2376,https://pub-2b4562c758ed440ab047fe9523a2d99c.r2.dev/kodex-content/art/27d1f54c-48899/cover.webp
spec-28006715-51316,art/28006715-51316/cover.webp,1080,2376,https://pub-2b4562c758ed440ab047fe9523a2d99c.r2.dev/kodex-content/art/28006715-51316/cover.webp
spec-28241a53-51186,art/28241a53-51186/cover.webp,1080,2376,https://pub-2b4562c758ed440ab047fe9523a2d99c.r2.dev/kodex-content/art/28241a53-51186/cover.webp
spec-2860b8cd-48895,art/2860b8cd-48895/cover.webp,1080,2376,https://pub-2b4562c758ed440ab047fe9523a2d99c.r2.dev/kodex-content/art/2860b8cd-48895/cover.webp
spec-288139b4-48741,art/288139b4-48741/cover.webp,1080,2376,https://pub-2b4562c758ed440ab047fe9523a2d99c.r2.dev/kodex-content/art/288139b4-48741/cover.webp
spec-2908dde6-49653,art/2908dde6-49653/cover.webp,1080,2376,https://pub-2b4562c758ed440ab047fe9523a2d99c.r2.dev/kodex-content/art/2908dde6-49653/cover.webp
spec-29b36a7d-50126,art/29b36a7d-50126/cover.webp,1080,2376,https://pub-2b4562c758ed440ab047fe9523a2d99c.r2.dev/kodex-content/art/29b36a7d-50126/cover.webp
spec-29ea1ef3-49277,art/29ea1ef3-49277/cover.webp,1080,2376,https://pub-2b4562c758ed440ab047fe9523a2d99c.r2.dev/kodex-content/art/29ea1ef3-49277/cover.webp
spec-2a7e2432-50257,art/2a7e2432-50257/cover.webp,1080,2376,https://pub-2b4562c758ed440ab047fe9523a2d99c.r2.dev/kodex-content/art/2a7e2432-50257/cover.webp
spec-2aec6160-51000,art/2aec6160-51000/cover.webp,1080,2376,https://pub-2b4562c758ed440ab047fe9523a2d99c.r2.dev/kodex-content/art/2aec6160-51000/cover.webp
spec-2b0593bf-50851,art/2b0593bf-50851/cover.webp,1080,2376,https://pub-2b4562c758ed440ab047fe9523a2d99c.r2.dev/kodex-content/art/2b0593bf-50851/cover.webp
spec-2b2ee36d-54480,art/2b2ee36d-54480/cover.webp,1080,2376,https://pub-2b4562c758ed440ab047fe9523a2d99c.r2.dev/kodex-content/art/2b2ee36d-54480/cover.webp
spec-2b5ffdd7-52173,art/2b5ffdd7-52173/cover.webp,1080,2376,https://pub-2b4562c758ed440ab047fe9523a2d99c.r2.dev/kodex-content/art/2b5ffdd7-52173/cover.webp
spec-2c0141fc-49223,art/2c0141fc-49223/cover.webp,1080,2376,https://pub-2b4562c758ed440ab047fe9523a2d99c.r2.dev/kodex-content/art/2c0141fc-49223/cover.webp
spec-2c606759-49343,art/2c606759-49343/cover.webp,1080,2376,https://pub-2b4562c758ed440ab047fe9523a2d99c.r2.dev/kodex-content/art/2c606759-49343/cover.webp
spec-2cb8d1e2-54462,art/2cb8d1e2-54462/cover.webp,1080,2376,https://pub-2b4562c758ed440ab047fe9523a2d99c.r2.dev/kodex-content/art/2cb8d1e2-54462/cover.webp
spec-2cd8cdd7-49831,art/2cd8cdd7-49831/cover.webp,1080,2376,https://pub-2b4562c758ed440ab047fe9523a2d99c.r2.dev/kodex-content/art/2cd8cdd7-49831/cover.webp
spec-2d1436ce-49279,art/2d1436ce-49279/cover.webp,1080,2376,https://pub-2b4562c758ed440ab047fe9523a2d99c.r2.dev/kodex-content/art/2d1436ce-49279/cover.webp
spec-2d1ebf70-50959,art/2d1ebf70-50959/cover.webp,1080,2376,https://pub-2b4562c758ed440ab047fe9523a2d99c.r2.dev/kodex-content/art/2d1ebf70-50959/cover.webp
spec-2d4876fa-50999,art/2d4876fa-50999/cover.webp,1080,2376,https://pub-2b4562c758ed440ab047fe9523a2d99c.r2.dev/kodex-content/art/2d4876fa-50999/cover.webp
spec-2d7fed91-49088,art/2d7fed91-49088/cover.webp,1080,2376,https://pub-2b4562c758ed440ab047fe9523a2d99c.r2.dev/kodex-content/art/2d7fed91-49088/cover.webp
spec-2dc1d6ec-51109,art/2dc1d6ec-51109/cover.webp,1080,2376,https://pub-2b4562c758ed440ab047fe9523a2d99c.r2.dev/kodex-content/art/2dc1d6ec-51109/cover.webp
spec-2dcf888f-49804,art/2dcf888f-49804/cover.webp,1080,2376,https://pub-2b4562c758ed440ab047fe9523a2d99c.r2.dev/kodex-content/art/2dcf888f-49804/cover.webp
spec-2e010eea-50020,art/2e010eea-50020/cover.webp,1080,2376,https://pub-2b4562c758ed440ab047fe9523a2d99c.r2.dev/kodex-content/art/2e010eea-50020/cover.webp
spec-2e2673a7-50123,art/2e2673a7-50123/cover.webp,1080,2376,https://pub-2b4562c758ed440ab047fe9523a2d99c.r2.dev/kodex-content/art/2e2673a7-50123/cover.webp
spec-2e310151-54478,art/2e310151-54478/cover.webp,1080,2376,https://pub-2b4562c758ed440ab047fe9523a2d99c.r2.dev/kodex-content/art/2e310151-54478/cover.webp
spec-2e78c149-51251,art/2e78c149-51251/cover.webp,1080,2376,https://pub-2b4562c758ed440ab047fe9523a2d99c.r2.dev/kodex-content/art/2e78c149-51251/cover.webp
spec-2eabb57d-49529,art/2eabb57d-49529/cover.webp,1080,2376,https://pub-2b4562c758ed440ab047fe9523a2d99c.r2.dev/kodex-content/art/2eabb57d-49529/cover.webp
spec-2ec51dbe-49828,art/2ec51dbe-49828/cover.webp,1080,2376,https://pub-2b4562c758ed440ab047fe9523a2d99c.r2.dev/kodex-content/art/2ec51dbe-49828/cover.webp
spec-2efbc1b2-53853,art/2efbc1b2-53853/cover.webp,1080,2376,https://pub-2b4562c758ed440ab047fe9523a2d99c.r2.dev/kodex-content/art/2efbc1b2-53853/cover.webp
spec-2f6522f5-52706,art/2f6522f5-52706/cover.webp,1080,2376,https://pub-2b4562c758ed440ab047fe9523a2d99c.r2.dev/kodex-content/art/2f6522f5-52706/cover.webp
spec-303f1257-51003,art/303f1257-51003/cover.webp,1080,2376,https://pub-2b4562c758ed440ab047fe9523a2d99c.r2.dev/kodex-content/art/303f1257-51003/cover.webp
spec-30f4d862-49652,art/30f4d862-49652/cover.webp,1080,2376,https://pub-2b4562c758ed440ab047fe9523a2d99c.r2.dev/kodex-content/art/30f4d862-49652/cover.webp
spec-31723a26-51334,art/31723a26-51334/cover.webp,1080,2376,https://pub-2b4562c758ed440ab047fe9523a2d99c.r2.dev/kodex-content/art/31723a26-51334/cover.webp
spec-3302c247-51065,art/3302c247-51065/cover.webp,1080,2376,https://pub-2b4562c758ed440ab047fe9523a2d99c.r2.dev/kodex-content/art/3302c247-51065/cover.webp
spec-333738c8-48805,art/333738c8-48805/cover.webp,1080,2376,https://pub-2b4562c758ed440ab047fe9523a2d99c.r2.dev/kodex-content/art/333738c8-48805/cover.webp
spec-3365db1b-49814,art/3365db1b-49814/cover.webp,1080,2376,https://pub-2b4562c758ed440ab047fe9523a2d99c.r2.dev/kodex-content/art/3365db1b-49814/cover.webp
spec-33e69300-51293,art/33e69300-51293/cover.webp,1080,2376,https://pub-2b4562c758ed440ab047fe9523a2d99c.r2.dev/kodex-content/art/33e69300-51293/cover.webp
spec-3418277c-49796,art/3418277c-49796/cover.webp,1080,2376,https://pub-2b4562c758ed440ab047fe9523a2d99c.r2.dev/kodex-content/art/3418277c-49796/cover.webp
spec-34800620-49206,art/34800620-49206/cover.webp,1080,2376,https://pub-2b4562c758ed440ab047fe9523a2d99c.r2.dev/kodex-content/art/34800620-49206/cover.webp
spec-34c41c1d-49676,art/34c41c1d-49676/cover.webp,1080,2376,https://pub-2b4562c758ed440ab047fe9523a2d99c.r2.dev/kodex-content/art/34c41c1d-49676/cover.webp
spec-34c9c89e-50023,art/34c9c89e-50023/cover.webp,1080,2376,https://pub-2b4562c758ed440ab047fe9523a2d99c.r2.dev/kodex-content/art/34c9c89e-50023/cover.webp
spec-34ecfd74-49168,art/34ecfd74-49168/cover.webp,1080,2376,https://pub-2b4562c758ed440ab047fe9523a2d99c.r2.dev/kodex-content/art/34ecfd74-49168/cover.webp
spec-34fc8d57-51055,art/34fc8d57-51055/cover.webp,1080,2376,https://pub-2b4562c758ed440ab047fe9523a2d99c.r2.dev/kodex-content/art/34fc8d57-51055/cover.webp
spec-35241b03-54962,art/35241b03-54962/cover.webp,1080,2376,https://pub-2b4562c758ed440ab047fe9523a2d99c.r2.dev/kodex-content/art/35241b03-54962/cover.webp
spec-358d9a15-51075,art/358d9a15-51075/cover.webp,1080,2376,https://pub-2b4562c758ed440ab047fe9523a2d99c.r2.dev/kodex-content/art/358d9a15-51075/cover.webp
spec-35e39b9a-48732,art/35e39b9a-48732/cover.webp,1080,2376,https://pub-2b4562c758ed440ab047fe9523a2d99c.r2.dev/kodex-content/art/35e39b9a-48732/cover.webp
spec-36157ec0-49606,art/36157ec0-49606/cover.webp,1800,3955,https://pub-2b4562c758ed440ab047fe9523a2d99c.r2.dev/kodex-content/art/36157ec0-49606/cover.webp
spec-36478f46-51142,art/36478f46-51142/cover.webp,1080,2376,https://pub-2b4562c758ed440ab047fe9523a2d99c.r2.dev/kodex-content/art/36478f46-51142/cover.webp
spec-366f7fe5-51054,art/366f7fe5-51054/cover.webp,1080,2376,https://pub-2b4562c758ed440ab047fe9523a2d99c.r2.dev/kodex-content/art/366f7fe5-51054/cover.webp
spec-36f262eb-50469,art/36f262eb-50469/cover.webp,1080,2376,https://pub-2b4562c758ed440ab047fe9523a2d99c.r2.dev/kodex-content/art/36f262eb-50469/cover.webp
spec-373dbf29-54964,art/373dbf29-54964/cover.webp,1080,2376,https://pub-2b4562c758ed440ab047fe9523a2d99c.r2.dev/kodex-content/art/373dbf29-54964/cover.webp
spec-3742491f-50103,art/3742491f-50103/cover.webp,1080,2376,https://pub-2b4562c758ed440ab047fe9523a2d99c.r2.dev/kodex-content/art/3742491f-50103/cover.webp
spec-37611e01-54708,art/37611e01-54708/cover.webp,1080,2376,https://pub-2b4562c758ed440ab047fe9523a2d99c.r2.dev/kodex-content/art/37611e01-54708/cover.webp
spec-37793cad-50101,art/37793cad-50101/cover.webp,1080,2376,https://pub-2b4562c758ed440ab047fe9523a2d99c.r2.dev/kodex-content/art/37793cad-50101/cover.webp
spec-378d90a0-49115,art/378d90a0-49115/cover.webp,1080,2376,https://pub-2b4562c758ed440ab047fe9523a2d99c.r2.dev/kodex-content/art/378d90a0-49115/cover.webp
spec-3888e526-51385,art/3888e526-51385/cover.webp,1080,2376,https://pub-2b4562c758ed440ab047fe9523a2d99c.r2.dev/kodex-content/art/3888e526-51385/cover.webp
spec-38a9b5b5-53851,art/38a9b5b5-53851/cover.webp,1080,2376,https://pub-2b4562c758ed440ab047fe9523a2d99c.r2.dev/kodex-content/art/38a9b5b5-53851/cover.webp
spec-38d40461-49777,art/38d40461-49777/cover.webp,1080,2376,https://pub-2b4562c758ed440ab047fe9523a2d99c.r2.dev/kodex-content/art/38d40461-49777/cover.webp
spec-38ed3c08-50251,art/38ed3c08-50251/cover.webp,1080,2376,https://pub-2b4562c758ed440ab047fe9523a2d99c.r2.dev/kodex-content/art/38ed3c08-50251/cover.webp
spec-390fd89d-54175,art/390fd89d-54175/cover.webp,582,1280,https://pub-2b4562c758ed440ab047fe9523a2d99c.r2.dev/kodex-content/art/390fd89d-54175/cover.webp
spec-3916c384-51059,art/3916c384-51059/cover.webp,1080,2376,https://pub-2b4562c758ed440ab047fe9523a2d99c.r2.dev/kodex-content/art/3916c384-51059/cover.webp
spec-39a16085-49955,art/39a16085-49955/cover.webp,1080,2376,https://pub-2b4562c758ed440ab047fe9523a2d99c.r2.dev/kodex-content/art/39a16085-49955/cover.webp
spec-39bf5159-50471,art/39bf5159-50471/cover.webp,1080,2376,https://pub-2b4562c758ed440ab047fe9523a2d99c.r2.dev/kodex-content/art/39bf5159-50471/cover.webp
spec-39e19061-51250,art/39e19061-51250/cover.webp,1080,2376,https://pub-2b4562c758ed440ab047fe9523a2d99c.r2.dev/kodex-content/art/39e19061-51250/cover.webp
spec-39ecf58c-50244,art/39ecf58c-50244/cover.webp,1080,2376,https://pub-2b4562c758ed440ab047fe9523a2d99c.r2.dev/kodex-content/art/39ecf58c-50244/cover.webp
spec-3a2341c5-51180,art/3a2341c5-51180/cover.webp,1080,2376,https://pub-2b4562c758ed440ab047fe9523a2d99c.r2.dev/kodex-content/art/3a2341c5-51180/cover.webp
spec-3a7e68b5-54451,art/3a7e68b5-54451/cover.webp,1080,2376,https://pub-2b4562c758ed440ab047fe9523a2d99c.r2.dev/kodex-content/art/3a7e68b5-54451/cover.webp
spec-3a968f5c-49154,art/3a968f5c-49154/cover.webp,1080,2376,https://pub-2b4562c758ed440ab047fe9523a2d99c.r2.dev/kodex-content/art/3a968f5c-49154/cover.webp
spec-3ae79339-54957,art/3ae79339-54957/cover.webp,1080,2376,https://pub-2b4562c758ed440ab047fe9523a2d99c.r2.dev/kodex-content/art/3ae79339-54957/cover.webp
spec-3afed78b-49346,art/3afed78b-49346/cover.webp,1080,2376,https://pub-2b4562c758ed440ab047fe9523a2d99c.r2.dev/kodex-content/art/3afed78b-49346/cover.webp
spec-3b109da7-48796,art/3b109da7-48796/cover.webp,1080,2376,https://pub-2b4562c758ed440ab047fe9523a2d99c.r2.dev/kodex-content/art/3b109da7-48796/cover.webp
spec-3b21bbd7-54955,art/3b21bbd7-54955/cover.webp,1080,2376,https://pub-2b4562c758ed440ab047fe9523a2d99c.r2.dev/kodex-content/art/3b21bbd7-54955/cover.webp
spec-3b4c6ed3-49081,art/3b4c6ed3-49081/cover.webp,1080,2376,https://pub-2b4562c758ed440ab047fe9523a2d99c.r2.dev/kodex-content/art/3b4c6ed3-49081/cover.webp
spec-3b82cd96-50549,art/3b82cd96-50549/cover.webp,1080,2376,https://pub-2b4562c758ed440ab047fe9523a2d99c.r2.dev/kodex-content/art/3b82cd96-50549/cover.webp
spec-3bbfc575-54241,art/3bbfc575-54241/cover.webp,1080,2376,https://pub-2b4562c758ed440ab047fe9523a2d99c.r2.dev/kodex-content/art/3bbfc575-54241/cover.webp
spec-3bf1c4a9-52847,art/3bf1c4a9-52847/cover.webp,1080,2376,https://pub-2b4562c758ed440ab047fe9523a2d99c.r2.dev/kodex-content/art/3bf1c4a9-52847/cover.webp
spec-3c69f7df-49548,art/3c69f7df-49548/cover.webp,1080,2376,https://pub-2b4562c758ed440ab047fe9523a2d99c.r2.dev/kodex-content/art/3c69f7df-49548/cover.webp
spec-3c766926-49232,art/3c766926-49232/cover.webp,1080,2376,https://pub-2b4562c758ed440ab047fe9523a2d99c.r2.dev/kodex-content/art/3c766926-49232/cover.webp
spec-3d438a7c-53926,art/3d438a7c-53926/cover.webp,1080,2376,https://pub-2b4562c758ed440ab047fe9523a2d99c.r2.dev/kodex-content/art/3d438a7c-53926/cover.webp
spec-3d9456f9-51054,art/3d9456f9-51054/cover.webp,1080,2376,https://pub-2b4562c758ed440ab047fe9523a2d99c.r2.dev/kodex-content/art/3d9456f9-51054/cover.webp
spec-3de986c0-51237,art/3de986c0-51237/cover.webp,1080,2376,https://pub-2b4562c758ed440ab047fe9523a2d99c.r2.dev/kodex-content/art/3de986c0-51237/cover.webp
spec-3e88f6f4-49202,art/3e88f6f4-49202/cover.webp,1080,2376,https://pub-2b4562c758ed440ab047fe9523a2d99c.r2.dev/kodex-content/art/3e88f6f4-49202/cover.webp
spec-3e90c289-50249,art/3e90c289-50249/cover.webp,1080,2376,https://pub-2b4562c758ed440ab047fe9523a2d99c.r2.dev/kodex-content/art/3e90c289-50249/cover.webp
spec-3ef41d6e-50108,art/3ef41d6e-50108/cover.webp,1080,2376,https://pub-2b4562c758ed440ab047fe9523a2d99c.r2.dev/kodex-content/art/3ef41d6e-50108/cover.webp
spec-3efc6832-49812,art/3efc6832-49812/cover.webp,1080,2376,https://pub-2b4562c758ed440ab047fe9523a2d99c.r2.dev/kodex-content/art/3efc6832-49812/cover.webp
spec-3fe7e1ff-52725,art/3fe7e1ff-52725/cover.webp,1080,2376,https://pub-2b4562c758ed440ab047fe9523a2d99c.r2.dev/kodex-content/art/3fe7e1ff-52725/cover.webp
spec-40ab07a5-49256,art/40ab07a5-49256/cover.webp,1080,2376,https://pub-2b4562c758ed440ab047fe9523a2d99c.r2.dev/kodex-content/art/40ab07a5-49256/cover.webp
spec-41cb8c73-50091,art/41cb8c73-50091/cover.webp,1080,2376,https://pub-2b4562c758ed440ab047fe9523a2d99c.r2.dev/kodex-content/art/41cb8c73-50091/cover.webp
spec-423c458d-49187,art/423c458d-49187/cover.webp,1080,2376,https://pub-2b4562c758ed440ab047fe9523a2d99c.r2.dev/kodex-content/art/423c458d-49187/cover.webp
spec-42de826f-51396,art/42de826f-51396/cover.webp,1080,2376,https://pub-2b4562c758ed440ab047fe9523a2d99c.r2.dev/kodex-content/art/42de826f-51396/cover.webp
spec-4346ad3b-50464,art/4346ad3b-50464/cover.webp,1080,2376,https://pub-2b4562c758ed440ab047fe9523a2d99c.r2.dev/kodex-content/art/4346ad3b-50464/cover.webp
spec-43d541f4-48816,art/43d541f4-48816/cover.webp,1080,2376,https://pub-2b4562c758ed440ab047fe9523a2d99c.r2.dev/kodex-content/art/43d541f4-48816/cover.webp
spec-43ff894b-50130,art/43ff894b-50130/cover.webp,1080,2376,https://pub-2b4562c758ed440ab047fe9523a2d99c.r2.dev/kodex-content/art/43ff894b-50130/cover.webp
spec-442629a8-49215,art/442629a8-49215/cover.webp,1080,2376,https://pub-2b4562c758ed440ab047fe9523a2d99c.r2.dev/kodex-content/art/442629a8-49215/cover.webp
spec-445cb622-50244,art/445cb622-50244/cover.webp,1080,2376,https://pub-2b4562c758ed440ab047fe9523a2d99c.r2.dev/kodex-content/art/445cb622-50244/cover.webp
spec-449928c3-54954,art/449928c3-54954/cover.webp,1080,2376,https://pub-2b4562c758ed440ab047fe9523a2d99c.r2.dev/kodex-content/art/449928c3-54954/cover.webp
spec-44e911ab-50094,art/44e911ab-50094/cover.webp,1080,2376,https://pub-2b4562c758ed440ab047fe9523a2d99c.r2.dev/kodex-content/art/44e911ab-50094/cover.webp
spec-44ee09fa-51442,art/44ee09fa-51442/cover.webp,1080,2376,https://pub-2b4562c758ed440ab047fe9523a2d99c.r2.dev/kodex-content/art/44ee09fa-51442/cover.webp
spec-457581db-53849,art/457581db-53849/cover.webp,1080,2376,https://pub-2b4562c758ed440ab047fe9523a2d99c.r2.dev/kodex-content/art/457581db-53849/cover.webp
spec-4586798b-50449,art/4586798b-50449/cover.webp,1080,2376,https://pub-2b4562c758ed440ab047fe9523a2d99c.r2.dev/kodex-content/art/4586798b-50449/cover.webp
spec-45a8ce14-49800,art/45a8ce14-49800/cover.webp,1080,2376,https://pub-2b4562c758ed440ab047fe9523a2d99c.r2.dev/kodex-content/art/45a8ce14-49800/cover.webp
spec-45df9f51-49887,art/45df9f51-49887/cover.webp,1080,2376,https://pub-2b4562c758ed440ab047fe9523a2d99c.r2.dev/kodex-content/art/45df9f51-49887/cover.webp
spec-45f4b7bf-49211,art/45f4b7bf-49211/cover.webp,1080,2376,https://pub-2b4562c758ed440ab047fe9523a2d99c.r2.dev/kodex-content/art/45f4b7bf-49211/cover.webp
spec-463f6fbb-49268,art/463f6fbb-49268/cover.webp,1080,2376,https://pub-2b4562c758ed440ab047fe9523a2d99c.r2.dev/kodex-content/art/463f6fbb-49268/cover.webp
spec-467a0671-49112,art/467a0671-49112/cover.webp,1080,2376,https://pub-2b4562c758ed440ab047fe9523a2d99c.r2.dev/kodex-content/art/467a0671-49112/cover.webp
spec-46b1530a-53929,art/46b1530a-53929/cover.webp,1080,2376,https://pub-2b4562c758ed440ab047fe9523a2d99c.r2.dev/kodex-content/art/46b1530a-53929/cover.webp
spec-46efc163-51860,art/46efc163-51860/cover.webp,1080,2376,https://pub-2b4562c758ed440ab047fe9523a2d99c.r2.dev/kodex-content/art/46efc163-51860/cover.webp
spec-46fdf4bf-50956,art/46fdf4bf-50956/cover.webp,1080,2376,https://pub-2b4562c758ed440ab047fe9523a2d99c.r2.dev/kodex-content/art/46fdf4bf-50956/cover.webp
spec-471f8c97-51028,art/471f8c97-51028/cover.webp,1080,2376,https://pub-2b4562c758ed440ab047fe9523a2d99c.r2.dev/kodex-content/art/471f8c97-51028/cover.webp
spec-4727cc0e-49818,art/4727cc0e-49818/cover.webp,1080,2376,https://pub-2b4562c758ed440ab047fe9523a2d99c.r2.dev/kodex-content/art/4727cc0e-49818/cover.webp
spec-4772ec9c-52840,art/4772ec9c-52840/cover.webp,1080,2376,https://pub-2b4562c758ed440ab047fe9523a2d99c.r2.dev/kodex-content/art/4772ec9c-52840/cover.webp
spec-48ca7b02-54496,art/48ca7b02-54496/cover.webp,1080,2376,https://pub-2b4562c758ed440ab047fe9523a2d99c.r2.dev/kodex-content/art/48ca7b02-54496/cover.webp
spec-49717650-52055,art/49717650-52055/cover.webp,1080,2376,https://pub-2b4562c758ed440ab047fe9523a2d99c.r2.dev/kodex-content/art/49717650-52055/cover.webp
spec-4999c1e0-49355,art/4999c1e0-49355/cover.webp,1080,2376,https://pub-2b4562c758ed440ab047fe9523a2d99c.r2.dev/kodex-content/art/4999c1e0-49355/cover.webp
spec-499bacaa-51416,art/499bacaa-51416/cover.webp,1080,2376,https://pub-2b4562c758ed440ab047fe9523a2d99c.r2.dev/kodex-content/art/499bacaa-51416/cover.webp
spec-499d58c6-51102,art/499d58c6-51102/cover.webp,1080,2376,https://pub-2b4562c758ed440ab047fe9523a2d99c.r2.dev/kodex-content/art/499d58c6-51102/cover.webp
spec-49a9a1a3-49099,art/49a9a1a3-49099/cover.webp,1080,2376,https://pub-2b4562c758ed440ab047fe9523a2d99c.r2.dev/kodex-content/art/49a9a1a3-49099/cover.webp
spec-49c38968-54240,art/49c38968-54240/cover.webp,1080,2376,https://pub-2b4562c758ed440ab047fe9523a2d99c.r2.dev/kodex-content/art/49c38968-54240/cover.webp
spec-4a2b1c85-54717,art/4a2b1c85-54717/cover.webp,1080,2376,https://pub-2b4562c758ed440ab047fe9523a2d99c.r2.dev/kodex-content/art/4a2b1c85-54717/cover.webp
spec-4a2c5278-55047,art/4a2c5278-55047/cover.webp,1080,2376,https://pub-2b4562c758ed440ab047fe9523a2d99c.r2.dev/kodex-content/art/4a2c5278-55047/cover.webp
spec-4a77c460-49100,art/4a77c460-49100/cover.webp,1080,2376,https://pub-2b4562c758ed440ab047fe9523a2d99c.r2.dev/kodex-content/art/4a77c460-49100/cover.webp
spec-4a87d25f-50429,art/4a87d25f-50429/cover.webp,1080,2376,https://pub-2b4562c758ed440ab047fe9523a2d99c.r2.dev/kodex-content/art/4a87d25f-50429/cover.webp
spec-4b21dffa-50084,art/4b21dffa-50084/cover.webp,1080,2376,https://pub-2b4562c758ed440ab047fe9523a2d99c.r2.dev/kodex-content/art/4b21dffa-50084/cover.webp
spec-4b47188f-49964,art/4b47188f-49964/cover.webp,1080,2376,https://pub-2b4562c758ed440ab047fe9523a2d99c.r2.dev/kodex-content/art/4b47188f-49964/cover.webp
spec-4bc03cae-50296,art/4bc03cae-50296/cover.webp,1080,2376,https://pub-2b4562c758ed440ab047fe9523a2d99c.r2.dev/kodex-content/art/4bc03cae-50296/cover.webp
spec-4bd0b7ad-49956,art/4bd0b7ad-49956/cover.webp,1080,2376,https://pub-2b4562c758ed440ab047fe9523a2d99c.r2.dev/kodex-content/art/4bd0b7ad-49956/cover.webp
spec-4c44bcfb-48896,art/4c44bcfb-48896/cover.webp,1080,2376,https://pub-2b4562c758ed440ab047fe9523a2d99c.r2.dev/kodex-content/art/4c44bcfb-48896/cover.webp
spec-4ca4d3cf-51410,art/4ca4d3cf-51410/cover.webp,1080,2376,https://pub-2b4562c758ed440ab047fe9523a2d99c.r2.dev/kodex-content/art/4ca4d3cf-51410/cover.webp
spec-4cd6bf45-51386,art/4cd6bf45-51386/cover.webp,1080,2376,https://pub-2b4562c758ed440ab047fe9523a2d99c.r2.dev/kodex-content/art/4cd6bf45-51386/cover.webp
spec-4d03d4f0-49264,art/4d03d4f0-49264/cover.webp,1080,2376,https://pub-2b4562c758ed440ab047fe9523a2d99c.r2.dev/kodex-content/art/4d03d4f0-49264/cover.webp
spec-4dcf2c3f-49652,art/4dcf2c3f-49652/cover.webp,1080,2376,https://pub-2b4562c758ed440ab047fe9523a2d99c.r2.dev/kodex-content/art/4dcf2c3f-49652/cover.webp
spec-4dd25216-50246,art/4dd25216-50246/cover.webp,1080,2376,https://pub-2b4562c758ed440ab047fe9523a2d99c.r2.dev/kodex-content/art/4dd25216-50246/cover.webp
spec-4e624673-49893,art/4e624673-49893/cover.webp,1080,2376,https://pub-2b4562c758ed440ab047fe9523a2d99c.r2.dev/kodex-content/art/4e624673-49893/cover.webp
spec-4e7d0a05-49542,art/4e7d0a05-49542/cover.webp,1080,2376,https://pub-2b4562c758ed440ab047fe9523a2d99c.r2.dev/kodex-content/art/4e7d0a05-49542/cover.webp
spec-4f2fa2f0-49291,art/4f2fa2f0-49291/cover.webp,1080,2376,https://pub-2b4562c758ed440ab047fe9523a2d99c.r2.dev/kodex-content/art/4f2fa2f0-49291/cover.webp
spec-509dcc91-49846,art/509dcc91-49846/cover.webp,1080,2376,https://pub-2b4562c758ed440ab047fe9523a2d99c.r2.dev/kodex-content/art/509dcc91-49846/cover.webp
spec-510828f8-50457,art/510828f8-50457/cover.webp,1080,2376,https://pub-2b4562c758ed440ab047fe9523a2d99c.r2.dev/kodex-content/art/510828f8-50457/cover.webp
spec-51a4b765-49891,art/51a4b765-49891/cover.webp,1080,2376,https://pub-2b4562c758ed440ab047fe9523a2d99c.r2.dev/kodex-content/art/51a4b765-49891/cover.webp
spec-52461666-48724,art/52461666-48724/cover.webp,1080,2376,https://pub-2b4562c758ed440ab047fe9523a2d99c.r2.dev/kodex-content/art/52461666-48724/cover.webp
spec-52986443-50536,art/52986443-50536/cover.webp,1800,3955,https://pub-2b4562c758ed440ab047fe9523a2d99c.r2.dev/kodex-content/art/52986443-50536/cover.webp
spec-52b8c30b-52721,art/52b8c30b-52721/cover.webp,1080,2376,https://pub-2b4562c758ed440ab047fe9523a2d99c.r2.dev/kodex-content/art/52b8c30b-52721/cover.webp
spec-5320728f-52066,art/5320728f-52066/cover.webp,1080,2376,https://pub-2b4562c758ed440ab047fe9523a2d99c.r2.dev/kodex-content/art/5320728f-52066/cover.webp
spec-53299698-49275,art/53299698-49275/cover.webp,1080,2376,https://pub-2b4562c758ed440ab047fe9523a2d99c.r2.dev/kodex-content/art/53299698-49275/cover.webp
spec-539124fb-50026,art/539124fb-50026/cover.webp,1080,2376,https://pub-2b4562c758ed440ab047fe9523a2d99c.r2.dev/kodex-content/art/539124fb-50026/cover.webp
spec-54636968-49974,art/54636968-49974/cover.webp,1080,2376,https://pub-2b4562c758ed440ab047fe9523a2d99c.r2.dev/kodex-content/art/54636968-49974/cover.webp
spec-54650b4d-51230,art/54650b4d-51230/cover.webp,1080,2376,https://pub-2b4562c758ed440ab047fe9523a2d99c.r2.dev/kodex-content/art/54650b4d-51230/cover.webp
spec-54b16f2f-49353,art/54b16f2f-49353/cover.webp,1080,2376,https://pub-2b4562c758ed440ab047fe9523a2d99c.r2.dev/kodex-content/art/54b16f2f-49353/cover.webp
spec-54f0c88c-51331,art/54f0c88c-51331/cover.webp,1080,2376,https://pub-2b4562c758ed440ab047fe9523a2d99c.r2.dev/kodex-content/art/54f0c88c-51331/cover.webp
spec-553e2f38-49798,art/553e2f38-49798/cover.webp,1080,2376,https://pub-2b4562c758ed440ab047fe9523a2d99c.r2.dev/kodex-content/art/553e2f38-49798/cover.webp
spec-554411dc-51437,art/554411dc-51437/cover.webp,1080,2376,https://pub-2b4562c758ed440ab047fe9523a2d99c.r2.dev/kodex-content/art/554411dc-51437/cover.webp
spec-559c8c67-54461,art/559c8c67-54461/cover.webp,1080,2376,https://pub-2b4562c758ed440ab047fe9523a2d99c.r2.dev/kodex-content/art/559c8c67-54461/cover.webp
spec-561e37c1-48894,art/561e37c1-48894/cover.webp,1080,2376,https://pub-2b4562c758ed440ab047fe9523a2d99c.r2.dev/kodex-content/art/561e37c1-48894/cover.webp
spec-56e27237-48811,art/56e27237-48811/cover.webp,1080,2376,https://pub-2b4562c758ed440ab047fe9523a2d99c.r2.dev/kodex-content/art/56e27237-48811/cover.webp
spec-570d0e4b-49797,art/570d0e4b-49797/cover.webp,1080,2376,https://pub-2b4562c758ed440ab047fe9523a2d99c.r2.dev/kodex-content/art/570d0e4b-49797/cover.webp
spec-572f7fcf-53563,art/572f7fcf-53563/cover.webp,1080,2376,https://pub-2b4562c758ed440ab047fe9523a2d99c.r2.dev/kodex-content/art/572f7fcf-53563/cover.webp
spec-57458b31-50247,art/57458b31-50247/cover.webp,1080,2376,https://pub-2b4562c758ed440ab047fe9523a2d99c.r2.dev/kodex-content/art/57458b31-50247/cover.webp
spec-57677144-50106,art/57677144-50106/cover.webp,1080,2376,https://pub-2b4562c758ed440ab047fe9523a2d99c.r2.dev/kodex-content/art/57677144-50106/cover.webp
spec-576a246d-49792,art/576a246d-49792/cover.webp,1080,2376,https://pub-2b4562c758ed440ab047fe9523a2d99c.r2.dev/kodex-content/art/576a246d-49792/cover.webp
spec-57937001-49885,art/57937001-49885/cover.webp,1080,2376,https://pub-2b4562c758ed440ab047fe9523a2d99c.r2.dev/kodex-content/art/57937001-49885/cover.webp
spec-57a9b89d-51074,art/57a9b89d-51074/cover.webp,1080,2376,https://pub-2b4562c758ed440ab047fe9523a2d99c.r2.dev/kodex-content/art/57a9b89d-51074/cover.webp
spec-57d26ba8-54413,art/57d26ba8-54413/cover.webp,1080,2376,https://pub-2b4562c758ed440ab047fe9523a2d99c.r2.dev/kodex-content/art/57d26ba8-54413/cover.webp
spec-57f29040-51003,art/57f29040-51003/cover.webp,1080,2376,https://pub-2b4562c758ed440ab047fe9523a2d99c.r2.dev/kodex-content/art/57f29040-51003/cover.webp
spec-581f0dc6-54280,art/581f0dc6-54280/cover.webp,1080,2376,https://pub-2b4562c758ed440ab047fe9523a2d99c.r2.dev/kodex-content/art/581f0dc6-54280/cover.webp
spec-5858577a-52888,art/5858577a-52888/cover.webp,1080,2376,https://pub-2b4562c758ed440ab047fe9523a2d99c.r2.dev/kodex-content/art/5858577a-52888/cover.webp
spec-58c0f670-49874,art/58c0f670-49874/cover.webp,1080,2376,https://pub-2b4562c758ed440ab047fe9523a2d99c.r2.dev/kodex-content/art/58c0f670-49874/cover.webp
spec-58f47840-49961,art/58f47840-49961/cover.webp,1080,2376,https://pub-2b4562c758ed440ab047fe9523a2d99c.r2.dev/kodex-content/art/58f47840-49961/cover.webp
spec-597e6772-50109,art/597e6772-50109/cover.webp,1080,2376,https://pub-2b4562c758ed440ab047fe9523a2d99c.r2.dev/kodex-content/art/597e6772-50109/cover.webp
spec-5a5f52c1-48819,art/5a5f52c1-48819/cover.webp,1080,2376,https://pub-2b4562c758ed440ab047fe9523a2d99c.r2.dev/kodex-content/art/5a5f52c1-48819/cover.webp
spec-5a653bd3-54706,art/5a653bd3-54706/cover.webp,1080,2376,https://pub-2b4562c758ed440ab047fe9523a2d99c.r2.dev/kodex-content/art/5a653bd3-54706/cover.webp
spec-5a689029-51366,art/5a689029-51366/cover.webp,1080,2376,https://pub-2b4562c758ed440ab047fe9523a2d99c.r2.dev/kodex-content/art/5a689029-51366/cover.webp
spec-5aa5ba6e-54483,art/5aa5ba6e-54483/cover.webp,1080,2376,https://pub-2b4562c758ed440ab047fe9523a2d99c.r2.dev/kodex-content/art/5aa5ba6e-54483/cover.webp
spec-5ace1df3-49780,art/5ace1df3-49780/cover.webp,1080,2376,https://pub-2b4562c758ed440ab047fe9523a2d99c.r2.dev/kodex-content/art/5ace1df3-49780/cover.webp
spec-5aef14fd-53112,art/5aef14fd-53112/cover.webp,1080,2376,https://pub-2b4562c758ed440ab047fe9523a2d99c.r2.dev/kodex-content/art/5aef14fd-53112/cover.webp
spec-5b453853-50363,art/5b453853-50363/cover.webp,1080,2376,https://pub-2b4562c758ed440ab047fe9523a2d99c.r2.dev/kodex-content/art/5b453853-50363/cover.webp
spec-5bcc8361-50013,art/5bcc8361-50013/cover.webp,1080,2376,https://pub-2b4562c758ed440ab047fe9523a2d99c.r2.dev/kodex-content/art/5bcc8361-50013/cover.webp
spec-5c05f723-49971,art/5c05f723-49971/cover.webp,1080,2376,https://pub-2b4562c758ed440ab047fe9523a2d99c.r2.dev/kodex-content/art/5c05f723-49971/cover.webp
spec-5c687cfe-53927,art/5c687cfe-53927/cover.webp,1080,2376,https://pub-2b4562c758ed440ab047fe9523a2d99c.r2.dev/kodex-content/art/5c687cfe-53927/cover.webp
spec-5c7e16b4-49235,art/5c7e16b4-49235/cover.webp,1080,2376,https://pub-2b4562c758ed440ab047fe9523a2d99c.r2.dev/kodex-content/art/5c7e16b4-49235/cover.webp
spec-5cfafd17-50252,art/5cfafd17-50252/cover.webp,1080,2376,https://pub-2b4562c758ed440ab047fe9523a2d99c.r2.dev/kodex-content/art/5cfafd17-50252/cover.webp
spec-5d08d0ab-50397,art/5d08d0ab-50397/cover.webp,1080,2376,https://pub-2b4562c758ed440ab047fe9523a2d99c.r2.dev/kodex-content/art/5d08d0ab-50397/cover.webp
spec-5dc1d05a-54459,art/5dc1d05a-54459/cover.webp,1080,2376,https://pub-2b4562c758ed440ab047fe9523a2d99c.r2.dev/kodex-content/art/5dc1d05a-54459/cover.webp
spec-5e1d40e2-50112,art/5e1d40e2-50112/cover.webp,1080,2376,https://pub-2b4562c758ed440ab047fe9523a2d99c.r2.dev/kodex-content/art/5e1d40e2-50112/cover.webp
spec-5e314c88-50436,art/5e314c88-50436/cover.webp,1080,2376,https://pub-2b4562c758ed440ab047fe9523a2d99c.r2.dev/kodex-content/art/5e314c88-50436/cover.webp
spec-5e422395-51006,art/5e422395-51006/cover.webp,1080,2376,https://pub-2b4562c758ed440ab047fe9523a2d99c.r2.dev/kodex-content/art/5e422395-51006/cover.webp
spec-5efc0e67-49532,art/5efc0e67-49532/cover.webp,1080,2376,https://pub-2b4562c758ed440ab047fe9523a2d99c.r2.dev/kodex-content/art/5efc0e67-49532/cover.webp
spec-5f4f28f5-52651,art/5f4f28f5-52651/cover.webp,1080,2376,https://pub-2b4562c758ed440ab047fe9523a2d99c.r2.dev/kodex-content/art/5f4f28f5-52651/cover.webp
spec-5f6d4f9b-49960,art/5f6d4f9b-49960/cover.webp,1080,2376,https://pub-2b4562c758ed440ab047fe9523a2d99c.r2.dev/kodex-content/art/5f6d4f9b-49960/cover.webp
spec-5f96863d-49872,art/5f96863d-49872/cover.webp,1080,2376,https://pub-2b4562c758ed440ab047fe9523a2d99c.r2.dev/kodex-content/art/5f96863d-49872/cover.webp
spec-5fa4366d-50338,art/5fa4366d-50338/cover.webp,1080,2376,https://pub-2b4562c758ed440ab047fe9523a2d99c.r2.dev/kodex-content/art/5fa4366d-50338/cover.webp
spec-5fba0fc9-49125,art/5fba0fc9-49125/cover.webp,1080,2376,https://pub-2b4562c758ed440ab047fe9523a2d99c.r2.dev/kodex-content/art/5fba0fc9-49125/cover.webp
spec-60326f44-50472,art/60326f44-50472/cover.webp,1080,2376,https://pub-2b4562c758ed440ab047fe9523a2d99c.r2.dev/kodex-content/art/60326f44-50472/cover.webp
spec-6080dff1-50957,art/6080dff1-50957/cover.webp,1080,2376,https://pub-2b4562c758ed440ab047fe9523a2d99c.r2.dev/kodex-content/art/6080dff1-50957/cover.webp
spec-60922e1e-54460,art/60922e1e-54460/cover.webp,1080,2376,https://pub-2b4562c758ed440ab047fe9523a2d99c.r2.dev/kodex-content/art/60922e1e-54460/cover.webp
spec-60c1955c-49671,art/60c1955c-49671/cover.webp,1080,2376,https://pub-2b4562c758ed440ab047fe9523a2d99c.r2.dev/kodex-content/art/60c1955c-49671/cover.webp
spec-60c767b1-49905,art/60c767b1-49905/cover.webp,1080,2376,https://pub-2b4562c758ed440ab047fe9523a2d99c.r2.dev/kodex-content/art/60c767b1-49905/cover.webp
spec-60fd781e-49231,art/60fd781e-49231/cover.webp,1080,2376,https://pub-2b4562c758ed440ab047fe9523a2d99c.r2.dev/kodex-content/art/60fd781e-49231/cover.webp
spec-613ea397-50011,art/613ea397-50011/cover.webp,1080,2376,https://pub-2b4562c758ed440ab047fe9523a2d99c.r2.dev/kodex-content/art/613ea397-50011/cover.webp
spec-6175df22-50015,art/6175df22-50015/cover.webp,1080,2376,https://pub-2b4562c758ed440ab047fe9523a2d99c.r2.dev/kodex-content/art/6175df22-50015/cover.webp
spec-61ab76e5-49348,art/61ab76e5-49348/cover.webp,1080,2376,https://pub-2b4562c758ed440ab047fe9523a2d99c.r2.dev/kodex-content/art/61ab76e5-49348/cover.webp
spec-6203cf55-51474,art/6203cf55-51474/cover.webp,1080,2376,https://pub-2b4562c758ed440ab047fe9523a2d99c.r2.dev/kodex-content/art/6203cf55-51474/cover.webp
spec-6211a1a2-54417,art/6211a1a2-54417/cover.webp,1080,2376,https://pub-2b4562c758ed440ab047fe9523a2d99c.r2.dev/kodex-content/art/6211a1a2-54417/cover.webp
spec-624c6207-53699,art/624c6207-53699/cover.webp,1080,2376,https://pub-2b4562c758ed440ab047fe9523a2d99c.r2.dev/kodex-content/art/624c6207-53699/cover.webp
spec-62fda715-54702,art/62fda715-54702/cover.webp,1080,2376,https://pub-2b4562c758ed440ab047fe9523a2d99c.r2.dev/kodex-content/art/62fda715-54702/cover.webp
spec-63a6a045-49664,art/63a6a045-49664/cover.webp,1080,2376,https://pub-2b4562c758ed440ab047fe9523a2d99c.r2.dev/kodex-content/art/63a6a045-49664/cover.webp
spec-63d99ac3-49544,art/63d99ac3-49544/cover.webp,1080,2376,https://pub-2b4562c758ed440ab047fe9523a2d99c.r2.dev/kodex-content/art/63d99ac3-49544/cover.webp
spec-64415213-51238,art/64415213-51238/cover.webp,1080,2376,https://pub-2b4562c758ed440ab047fe9523a2d99c.r2.dev/kodex-content/art/64415213-51238/cover.webp
spec-64a3f7ac-54711,art/64a3f7ac-54711/cover.webp,1080,2376,https://pub-2b4562c758ed440ab047fe9523a2d99c.r2.dev/kodex-content/art/64a3f7ac-54711/cover.webp
spec-64a80752-48892,art/64a80752-48892/cover.webp,1080,2376,https://pub-2b4562c758ed440ab047fe9523a2d99c.r2.dev/kodex-content/art/64a80752-48892/cover.webp
spec-65050e46-49536,art/65050e46-49536/cover.webp,1080,2376,https://pub-2b4562c758ed440ab047fe9523a2d99c.r2.dev/kodex-content/art/65050e46-49536/cover.webp
spec-651e0e61-50367,art/651e0e61-50367/cover.webp,1080,2376,https://pub-2b4562c758ed440ab047fe9523a2d99c.r2.dev/kodex-content/art/651e0e61-50367/cover.webp
spec-6538390c-49118,art/6538390c-49118/cover.webp,1080,2376,https://pub-2b4562c758ed440ab047fe9523a2d99c.r2.dev/kodex-content/art/6538390c-49118/cover.webp
spec-6549d003-51183,art/6549d003-51183/cover.webp,1080,2376,https://pub-2b4562c758ed440ab047fe9523a2d99c.r2.dev/kodex-content/art/6549d003-51183/cover.webp
spec-657f5f0a-49622,art/657f5f0a-49622/cover.webp,1800,3955,https://pub-2b4562c758ed440ab047fe9523a2d99c.r2.dev/kodex-content/art/657f5f0a-49622/cover.webp
spec-66ecf70a-51148,art/66ecf70a-51148/cover.webp,1080,2376,https://pub-2b4562c758ed440ab047fe9523a2d99c.r2.dev/kodex-content/art/66ecf70a-51148/cover.webp
spec-66f71ecf-48808,art/66f71ecf-48808/cover.webp,1080,2376,https://pub-2b4562c758ed440ab047fe9523a2d99c.r2.dev/kodex-content/art/66f71ecf-48808/cover.webp
spec-67720a26-51179,art/67720a26-51179/cover.webp,1080,2376,https://pub-2b4562c758ed440ab047fe9523a2d99c.r2.dev/kodex-content/art/67720a26-51179/cover.webp
spec-67881da5-49352,art/67881da5-49352/cover.webp,1080,2376,https://pub-2b4562c758ed440ab047fe9523a2d99c.r2.dev/kodex-content/art/67881da5-49352/cover.webp
spec-67ae637d-50125,art/67ae637d-50125/cover.webp,1080,2376,https://pub-2b4562c758ed440ab047fe9523a2d99c.r2.dev/kodex-content/art/67ae637d-50125/cover.webp
spec-67b54da6-50955,art/67b54da6-50955/cover.webp,1080,2376,https://pub-2b4562c758ed440ab047fe9523a2d99c.r2.dev/kodex-content/art/67b54da6-50955/cover.webp
spec-67f70de4-49161,art/67f70de4-49161/cover.webp,1080,2376,https://pub-2b4562c758ed440ab047fe9523a2d99c.r2.dev/kodex-content/art/67f70de4-49161/cover.webp
spec-68919a86-50441,art/68919a86-50441/cover.webp,1080,2376,https://pub-2b4562c758ed440ab047fe9523a2d99c.r2.dev/kodex-content/art/68919a86-50441/cover.webp
spec-69065d79-49832,art/69065d79-49832/cover.webp,1080,2376,https://pub-2b4562c758ed440ab047fe9523a2d99c.r2.dev/kodex-content/art/69065d79-49832/cover.webp
spec-69bf1593-54761,art/69bf1593-54761/cover.webp,1080,2376,https://pub-2b4562c758ed440ab047fe9523a2d99c.r2.dev/kodex-content/art/69bf1593-54761/cover.webp
spec-69e27057-51958,art/69e27057-51958/cover.webp,1080,2376,https://pub-2b4562c758ed440ab047fe9523a2d99c.r2.dev/kodex-content/art/69e27057-51958/cover.webp
spec-6a901eb1-55012,art/6a901eb1-55012/cover.webp,1080,2376,https://pub-2b4562c758ed440ab047fe9523a2d99c.r2.dev/kodex-content/art/6a901eb1-55012/cover.webp
spec-6b1b0a60-50447,art/6b1b0a60-50447/cover.webp,1080,2376,https://pub-2b4562c758ed440ab047fe9523a2d99c.r2.dev/kodex-content/art/6b1b0a60-50447/cover.webp
spec-6ca71647-49344,art/6ca71647-49344/cover.webp,1080,2376,https://pub-2b4562c758ed440ab047fe9523a2d99c.r2.dev/kodex-content/art/6ca71647-49344/cover.webp
spec-6d3e7991-51150,art/6d3e7991-51150/cover.webp,1080,2376,https://pub-2b4562c758ed440ab047fe9523a2d99c.r2.dev/kodex-content/art/6d3e7991-51150/cover.webp
spec-6d55c3c7-49103,art/6d55c3c7-49103/cover.webp,1080,2376,https://pub-2b4562c758ed440ab047fe9523a2d99c.r2.dev/kodex-content/art/6d55c3c7-49103/cover.webp
spec-6d58c199-50128,art/6d58c199-50128/cover.webp,1080,2376,https://pub-2b4562c758ed440ab047fe9523a2d99c.r2.dev/kodex-content/art/6d58c199-50128/cover.webp
spec-6d6e86fa-49763,art/6d6e86fa-49763/cover.webp,1080,2376,https://pub-2b4562c758ed440ab047fe9523a2d99c.r2.dev/kodex-content/art/6d6e86fa-49763/cover.webp
spec-6d79978a-50352,art/6d79978a-50352/cover.webp,1080,2376,https://pub-2b4562c758ed440ab047fe9523a2d99c.r2.dev/kodex-content/art/6d79978a-50352/cover.webp
spec-6d963dee-51456,art/6d963dee-51456/cover.webp,1080,2376,https://pub-2b4562c758ed440ab047fe9523a2d99c.r2.dev/kodex-content/art/6d963dee-51456/cover.webp
spec-6dcb00d9-52891,art/6dcb00d9-52891/cover.webp,1080,2376,https://pub-2b4562c758ed440ab047fe9523a2d99c.r2.dev/kodex-content/art/6dcb00d9-52891/cover.webp
spec-6e1b1b7f-50966,art/6e1b1b7f-50966/cover.webp,1080,2376,https://pub-2b4562c758ed440ab047fe9523a2d99c.r2.dev/kodex-content/art/6e1b1b7f-50966/cover.webp
spec-6e8011dd-52852,art/6e8011dd-52852/cover.webp,1080,2376,https://pub-2b4562c758ed440ab047fe9523a2d99c.r2.dev/kodex-content/art/6e8011dd-52852/cover.webp
spec-6e8964e6-52835,art/6e8964e6-52835/cover.webp,1080,2376,https://pub-2b4562c758ed440ab047fe9523a2d99c.r2.dev/kodex-content/art/6e8964e6-52835/cover.webp
spec-6ecbac5b-50111,art/6ecbac5b-50111/cover.webp,1080,2376,https://pub-2b4562c758ed440ab047fe9523a2d99c.r2.dev/kodex-content/art/6ecbac5b-50111/cover.webp
spec-6ed76313-51190,art/6ed76313-51190/cover.webp,1080,2376,https://pub-2b4562c758ed440ab047fe9523a2d99c.r2.dev/kodex-content/art/6ed76313-51190/cover.webp
spec-6f9a4ab9-50136,art/6f9a4ab9-50136/cover.webp,1080,2376,https://pub-2b4562c758ed440ab047fe9523a2d99c.r2.dev/kodex-content/art/6f9a4ab9-50136/cover.webp
spec-6fd75ac1-51383,art/6fd75ac1-51383/cover.webp,1080,2376,https://pub-2b4562c758ed440ab047fe9523a2d99c.r2.dev/kodex-content/art/6fd75ac1-51383/cover.webp
spec-711d3116-51094,art/711d3116-51094/cover.webp,1080,2376,https://pub-2b4562c758ed440ab047fe9523a2d99c.r2.dev/kodex-content/art/711d3116-51094/cover.webp
spec-717ac63f-51007,art/717ac63f-51007/cover.webp,1080,2376,https://pub-2b4562c758ed440ab047fe9523a2d99c.r2.dev/kodex-content/art/717ac63f-51007/cover.webp
spec-71bf050a-49138,art/71bf050a-49138/cover.webp,1080,2376,https://pub-2b4562c758ed440ab047fe9523a2d99c.r2.dev/kodex-content/art/71bf050a-49138/cover.webp
spec-71f6738d-50095,art/71f6738d-50095/cover.webp,1080,2376,https://pub-2b4562c758ed440ab047fe9523a2d99c.r2.dev/kodex-content/art/71f6738d-50095/cover.webp
spec-7225500f-52853,art/7225500f-52853/cover.webp,1080,2376,https://pub-2b4562c758ed440ab047fe9523a2d99c.r2.dev/kodex-content/art/7225500f-52853/cover.webp
spec-726cd86b-50395,art/726cd86b-50395/cover.webp,1080,2376,https://pub-2b4562c758ed440ab047fe9523a2d99c.r2.dev/kodex-content/art/726cd86b-50395/cover.webp
spec-72e3bb9d-51000,art/72e3bb9d-51000/cover.webp,1080,2376,https://pub-2b4562c758ed440ab047fe9523a2d99c.r2.dev/kodex-content/art/72e3bb9d-51000/cover.webp
spec-7319d405-50884,art/7319d405-50884/cover.webp,1080,2376,https://pub-2b4562c758ed440ab047fe9523a2d99c.r2.dev/kodex-content/art/7319d405-50884/cover.webp
spec-7334d67e-49091,art/7334d67e-49091/cover.webp,1080,2376,https://pub-2b4562c758ed440ab047fe9523a2d99c.r2.dev/kodex-content/art/7334d67e-49091/cover.webp
spec-73979036-51280,art/73979036-51280/cover.webp,1080,2376,https://pub-2b4562c758ed440ab047fe9523a2d99c.r2.dev/kodex-content/art/73979036-51280/cover.webp
spec-73997b91-52720,art/73997b91-52720/cover.webp,1080,2376,https://pub-2b4562c758ed440ab047fe9523a2d99c.r2.dev/kodex-content/art/73997b91-52720/cover.webp
spec-747e05b8-51056,art/747e05b8-51056/cover.webp,1080,2376,https://pub-2b4562c758ed440ab047fe9523a2d99c.r2.dev/kodex-content/art/747e05b8-51056/cover.webp
spec-74d11b60-51165,art/74d11b60-51165/cover.webp,1080,2376,https://pub-2b4562c758ed440ab047fe9523a2d99c.r2.dev/kodex-content/art/74d11b60-51165/cover.webp
spec-74f5dd44-54415,art/74f5dd44-54415/cover.webp,1080,2376,https://pub-2b4562c758ed440ab047fe9523a2d99c.r2.dev/kodex-content/art/74f5dd44-54415/cover.webp
spec-7597c91b-50958,art/7597c91b-50958/cover.webp,1080,2376,https://pub-2b4562c758ed440ab047fe9523a2d99c.r2.dev/kodex-content/art/7597c91b-50958/cover.webp
spec-75f38053-54712,art/75f38053-54712/cover.webp,1080,2376,https://pub-2b4562c758ed440ab047fe9523a2d99c.r2.dev/kodex-content/art/75f38053-54712/cover.webp
spec-75fcb37c-51213,art/75fcb37c-51213/cover.webp,1080,2376,https://pub-2b4562c758ed440ab047fe9523a2d99c.r2.dev/kodex-content/art/75fcb37c-51213/cover.webp
spec-7632e0e3-49076,art/7632e0e3-49076/cover.webp,1080,2376,https://pub-2b4562c758ed440ab047fe9523a2d99c.r2.dev/kodex-content/art/7632e0e3-49076/cover.webp
spec-764de4db-54241,art/764de4db-54241/cover.webp,1080,2376,https://pub-2b4562c758ed440ab047fe9523a2d99c.r2.dev/kodex-content/art/764de4db-54241/cover.webp
spec-766bcd89-51852,art/766bcd89-51852/cover.webp,1080,2376,https://pub-2b4562c758ed440ab047fe9523a2d99c.r2.dev/kodex-content/art/766bcd89-51852/cover.webp
spec-7695e4a9-50119,art/7695e4a9-50119/cover.webp,1080,2376,https://pub-2b4562c758ed440ab047fe9523a2d99c.r2.dev/kodex-content/art/7695e4a9-50119/cover.webp
spec-76aec251-53137,art/76aec251-53137/cover.webp,1080,2376,https://pub-2b4562c758ed440ab047fe9523a2d99c.r2.dev/kodex-content/art/76aec251-53137/cover.webp
spec-76d057cf-53111,art/76d057cf-53111/cover.webp,1080,2376,https://pub-2b4562c758ed440ab047fe9523a2d99c.r2.dev/kodex-content/art/76d057cf-53111/cover.webp
spec-78027a64-51099,art/78027a64-51099/cover.webp,1080,2376,https://pub-2b4562c758ed440ab047fe9523a2d99c.r2.dev/kodex-content/art/78027a64-51099/cover.webp
spec-78434caf-51314,art/78434caf-51314/cover.webp,1080,2376,https://pub-2b4562c758ed440ab047fe9523a2d99c.r2.dev/kodex-content/art/78434caf-51314/cover.webp
spec-78708607-51372,art/78708607-51372/cover.webp,1080,2376,https://pub-2b4562c758ed440ab047fe9523a2d99c.r2.dev/kodex-content/art/78708607-51372/cover.webp
spec-78da2180-49816,art/78da2180-49816/cover.webp,1080,2376,https://pub-2b4562c758ed440ab047fe9523a2d99c.r2.dev/kodex-content/art/78da2180-49816/cover.webp
spec-790125c2-51302,art/790125c2-51302/cover.webp,1080,2376,https://pub-2b4562c758ed440ab047fe9523a2d99c.r2.dev/kodex-content/art/790125c2-51302/cover.webp
spec-7911268b-49534,art/7911268b-49534/cover.webp,1080,2376,https://pub-2b4562c758ed440ab047fe9523a2d99c.r2.dev/kodex-content/art/7911268b-49534/cover.webp
spec-79b915ed-49543,art/79b915ed-49543/cover.webp,1080,2376,https://pub-2b4562c758ed440ab047fe9523a2d99c.r2.dev/kodex-content/art/79b915ed-49543/cover.webp
spec-7a55414e-52698,art/7a55414e-52698/cover.webp,1080,2376,https://pub-2b4562c758ed440ab047fe9523a2d99c.r2.dev/kodex-content/art/7a55414e-52698/cover.webp
spec-7a8ea929-52175,art/7a8ea929-52175/cover.webp,1080,2376,https://pub-2b4562c758ed440ab047fe9523a2d99c.r2.dev/kodex-content/art/7a8ea929-52175/cover.webp
spec-7a991188-50460,art/7a991188-50460/cover.webp,1080,2376,https://pub-2b4562c758ed440ab047fe9523a2d99c.r2.dev/kodex-content/art/7a991188-50460/cover.webp
spec-7aa2ec39-51059,art/7aa2ec39-51059/cover.webp,1080,2376,https://pub-2b4562c758ed440ab047fe9523a2d99c.r2.dev/kodex-content/art/7aa2ec39-51059/cover.webp
spec-7adbc734-48932,art/7adbc734-48932/cover.webp,1080,2376,https://pub-2b4562c758ed440ab047fe9523a2d99c.r2.dev/kodex-content/art/7adbc734-48932/cover.webp
spec-7b02dc1c-51141,art/7b02dc1c-51141/cover.webp,1080,2376,https://pub-2b4562c758ed440ab047fe9523a2d99c.r2.dev/kodex-content/art/7b02dc1c-51141/cover.webp
spec-7b352e3b-51166,art/7b352e3b-51166/cover.webp,1080,2376,https://pub-2b4562c758ed440ab047fe9523a2d99c.r2.dev/kodex-content/art/7b352e3b-51166/cover.webp
spec-7c63a8a4-49866,art/7c63a8a4-49866/cover.webp,1080,2376,https://pub-2b4562c758ed440ab047fe9523a2d99c.r2.dev/kodex-content/art/7c63a8a4-49866/cover.webp
spec-7c8b5f38-51242,art/7c8b5f38-51242/cover.webp,1080,2376,https://pub-2b4562c758ed440ab047fe9523a2d99c.r2.dev/kodex-content/art/7c8b5f38-51242/cover.webp
spec-7da84457-51105,art/7da84457-51105/cover.webp,1080,2376,https://pub-2b4562c758ed440ab047fe9523a2d99c.r2.dev/kodex-content/art/7da84457-51105/cover.webp
spec-7e78bb48-51382,art/7e78bb48-51382/cover.webp,1080,2376,https://pub-2b4562c758ed440ab047fe9523a2d99c.r2.dev/kodex-content/art/7e78bb48-51382/cover.webp
spec-7eb96d6c-48725,art/7eb96d6c-48725/cover.webp,1080,2376,https://pub-2b4562c758ed440ab047fe9523a2d99c.r2.dev/kodex-content/art/7eb96d6c-48725/cover.webp
spec-7f7ea6b9-54462,art/7f7ea6b9-54462/cover.webp,1080,2376,https://pub-2b4562c758ed440ab047fe9523a2d99c.r2.dev/kodex-content/art/7f7ea6b9-54462/cover.webp
spec-7fb55b53-50125,art/7fb55b53-50125/cover.webp,1080,2376,https://pub-2b4562c758ed440ab047fe9523a2d99c.r2.dev/kodex-content/art/7fb55b53-50125/cover.webp
spec-7fe8f8d2-49102,art/7fe8f8d2-49102/cover.webp,1080,2376,https://pub-2b4562c758ed440ab047fe9523a2d99c.r2.dev/kodex-content/art/7fe8f8d2-49102/cover.webp
spec-80166754-48893,art/80166754-48893/cover.webp,1080,2376,https://pub-2b4562c758ed440ab047fe9523a2d99c.r2.dev/kodex-content/art/80166754-48893/cover.webp
spec-80272cdb-51008,art/80272cdb-51008/cover.webp,1080,2376,https://pub-2b4562c758ed440ab047fe9523a2d99c.r2.dev/kodex-content/art/80272cdb-51008/cover.webp
spec-8087606d-48723,art/8087606d-48723/cover.webp,1080,2376,https://pub-2b4562c758ed440ab047fe9523a2d99c.r2.dev/kodex-content/art/8087606d-48723/cover.webp
spec-80a7f535-54482,art/80a7f535-54482/cover.webp,1080,2376,https://pub-2b4562c758ed440ab047fe9523a2d99c.r2.dev/kodex-content/art/80a7f535-54482/cover.webp
spec-80ef16a3-54966,art/80ef16a3-54966/cover.webp,1080,2376,https://pub-2b4562c758ed440ab047fe9523a2d99c.r2.dev/kodex-content/art/80ef16a3-54966/cover.webp
spec-8119f70c-50400,art/8119f70c-50400/cover.webp,1080,2376,https://pub-2b4562c758ed440ab047fe9523a2d99c.r2.dev/kodex-content/art/8119f70c-50400/cover.webp
spec-81393ce7-48726,art/81393ce7-48726/cover.webp,1080,2376,https://pub-2b4562c758ed440ab047fe9523a2d99c.r2.dev/kodex-content/art/81393ce7-48726/cover.webp
spec-81516dd1-49876,art/81516dd1-49876/cover.webp,1080,2376,https://pub-2b4562c758ed440ab047fe9523a2d99c.r2.dev/kodex-content/art/81516dd1-49876/cover.webp
spec-83247ad2-54936,art/83247ad2-54936/cover.webp,1080,2376,https://pub-2b4562c758ed440ab047fe9523a2d99c.r2.dev/kodex-content/art/83247ad2-54936/cover.webp
spec-8338ba80-51181,art/8338ba80-51181/cover.webp,1080,2376,https://pub-2b4562c758ed440ab047fe9523a2d99c.r2.dev/kodex-content/art/8338ba80-51181/cover.webp
spec-840cda89-49957,art/840cda89-49957/cover.webp,1080,2376,https://pub-2b4562c758ed440ab047fe9523a2d99c.r2.dev/kodex-content/art/840cda89-49957/cover.webp
spec-84aa1cec-51300,art/84aa1cec-51300/cover.webp,1080,2376,https://pub-2b4562c758ed440ab047fe9523a2d99c.r2.dev/kodex-content/art/84aa1cec-51300/cover.webp
spec-857e56a3-50102,art/857e56a3-50102/cover.webp,1080,2376,https://pub-2b4562c758ed440ab047fe9523a2d99c.r2.dev/kodex-content/art/857e56a3-50102/cover.webp
spec-85bf83fa-49843,art/85bf83fa-49843/cover.webp,1080,2376,https://pub-2b4562c758ed440ab047fe9523a2d99c.r2.dev/kodex-content/art/85bf83fa-49843/cover.webp
spec-86090c76-49079,art/86090c76-49079/cover.webp,1080,2376,https://pub-2b4562c758ed440ab047fe9523a2d99c.r2.dev/kodex-content/art/86090c76-49079/cover.webp
spec-86a23586-49255,art/86a23586-49255/cover.webp,1080,2376,https://pub-2b4562c758ed440ab047fe9523a2d99c.r2.dev/kodex-content/art/86a23586-49255/cover.webp
spec-86e5f849-51060,art/86e5f849-51060/cover.webp,1080,2376,https://pub-2b4562c758ed440ab047fe9523a2d99c.r2.dev/kodex-content/art/86e5f849-51060/cover.webp
spec-8751375b-50998,art/8751375b-50998/cover.webp,1080,2376,https://pub-2b4562c758ed440ab047fe9523a2d99c.r2.dev/kodex-content/art/8751375b-50998/cover.webp
spec-8759e6dc-49259,art/8759e6dc-49259/cover.webp,1080,2376,https://pub-2b4562c758ed440ab047fe9523a2d99c.r2.dev/kodex-content/art/8759e6dc-49259/cover.webp
spec-87f10543-49309,art/87f10543-49309/cover.webp,1080,2376,https://pub-2b4562c758ed440ab047fe9523a2d99c.r2.dev/kodex-content/art/87f10543-49309/cover.webp
spec-89c3cb37-49882,art/89c3cb37-49882/cover.webp,1080,2376,https://pub-2b4562c758ed440ab047fe9523a2d99c.r2.dev/kodex-content/art/89c3cb37-49882/cover.webp
spec-8a25941c-51191,art/8a25941c-51191/cover.webp,1080,2376,https://pub-2b4562c758ed440ab047fe9523a2d99c.r2.dev/kodex-content/art/8a25941c-51191/cover.webp
spec-8a5a3776-50458,art/8a5a3776-50458/cover.webp,1080,2376,https://pub-2b4562c758ed440ab047fe9523a2d99c.r2.dev/kodex-content/art/8a5a3776-50458/cover.webp
spec-8a87cb8e-51052,art/8a87cb8e-51052/cover.webp,1080,2376,https://pub-2b4562c758ed440ab047fe9523a2d99c.r2.dev/kodex-content/art/8a87cb8e-51052/cover.webp
spec-8af195a8-51163,art/8af195a8-51163/cover.webp,1080,2376,https://pub-2b4562c758ed440ab047fe9523a2d99c.r2.dev/kodex-content/art/8af195a8-51163/cover.webp
spec-8badfd0f-51106,art/8badfd0f-51106/cover.webp,1080,2376,https://pub-2b4562c758ed440ab047fe9523a2d99c.r2.dev/kodex-content/art/8badfd0f-51106/cover.webp
spec-8beee73b-49781,art/8beee73b-49781/cover.webp,1080,2376,https://pub-2b4562c758ed440ab047fe9523a2d99c.r2.dev/kodex-content/art/8beee73b-49781/cover.webp
spec-8c4b6d69-50446,art/8c4b6d69-50446/cover.webp,1080,2376,https://pub-2b4562c758ed440ab047fe9523a2d99c.r2.dev/kodex-content/art/8c4b6d69-50446/cover.webp
spec-8c716c3d-49253,art/8c716c3d-49253/cover.webp,1080,2376,https://pub-2b4562c758ed440ab047fe9523a2d99c.r2.dev/kodex-content/art/8c716c3d-49253/cover.webp
spec-8c856266-51056,art/8c856266-51056/cover.webp,1080,2376,https://pub-2b4562c758ed440ab047fe9523a2d99c.r2.dev/kodex-content/art/8c856266-51056/cover.webp
spec-8cc2ee82-54487,art/8cc2ee82-54487/cover.webp,1080,2376,https://pub-2b4562c758ed440ab047fe9523a2d99c.r2.dev/kodex-content/art/8cc2ee82-54487/cover.webp
spec-8d01d146-54243,art/8d01d146-54243/cover.webp,1080,2376,https://pub-2b4562c758ed440ab047fe9523a2d99c.r2.dev/kodex-content/art/8d01d146-54243/cover.webp
spec-8d0f555e-49077,art/8d0f555e-49077/cover.webp,1080,2376,https://pub-2b4562c758ed440ab047fe9523a2d99c.r2.dev/kodex-content/art/8d0f555e-49077/cover.webp
spec-8d211392-49640,art/8d211392-49640/cover.webp,1080,2376,https://pub-2b4562c758ed440ab047fe9523a2d99c.r2.dev/kodex-content/art/8d211392-49640/cover.webp
spec-8d379f0c-51313,art/8d379f0c-51313/cover.webp,1080,2376,https://pub-2b4562c758ed440ab047fe9523a2d99c.r2.dev/kodex-content/art/8d379f0c-51313/cover.webp
spec-8d3ad724-50217,art/8d3ad724-50217/cover.webp,1800,3955,https://pub-2b4562c758ed440ab047fe9523a2d99c.r2.dev/kodex-content/art/8d3ad724-50217/cover.webp
spec-8dfdce25-50438,art/8dfdce25-50438/cover.webp,1080,2376,https://pub-2b4562c758ed440ab047fe9523a2d99c.r2.dev/kodex-content/art/8dfdce25-50438/cover.webp
spec-8e9a0646-52691,art/8e9a0646-52691/cover.webp,1080,2376,https://pub-2b4562c758ed440ab047fe9523a2d99c.r2.dev/kodex-content/art/8e9a0646-52691/cover.webp
spec-90602f70-49665,art/90602f70-49665/cover.webp,1080,2376,https://pub-2b4562c758ed440ab047fe9523a2d99c.r2.dev/kodex-content/art/90602f70-49665/cover.webp
spec-915b500f-54480,art/915b500f-54480/cover.webp,1080,2376,https://pub-2b4562c758ed440ab047fe9523a2d99c.r2.dev/kodex-content/art/915b500f-54480/cover.webp
spec-91926638-49892,art/91926638-49892/cover.webp,1080,2376,https://pub-2b4562c758ed440ab047fe9523a2d99c.r2.dev/kodex-content/art/91926638-49892/cover.webp
spec-919eb65e-50402,art/919eb65e-50402/cover.webp,1080,2376,https://pub-2b4562c758ed440ab047fe9523a2d99c.r2.dev/kodex-content/art/919eb65e-50402/cover.webp
spec-92da7206-50487,art/92da7206-50487/cover.webp,1792,4000,https://pub-2b4562c758ed440ab047fe9523a2d99c.r2.dev/kodex-content/art/92da7206-50487/cover.webp
spec-930a4673-53569,art/930a4673-53569/cover.webp,1080,2376,https://pub-2b4562c758ed440ab047fe9523a2d99c.r2.dev/kodex-content/art/930a4673-53569/cover.webp
spec-93dbf86e-54960,art/93dbf86e-54960/cover.webp,1080,2376,https://pub-2b4562c758ed440ab047fe9523a2d99c.r2.dev/kodex-content/art/93dbf86e-54960/cover.webp
spec-9528a2d2-53138,art/9528a2d2-53138/cover.webp,1080,2376,https://pub-2b4562c758ed440ab047fe9523a2d99c.r2.dev/kodex-content/art/9528a2d2-53138/cover.webp
spec-980d29dd-55170,art/980d29dd-55170/cover.webp,1080,2376,https://pub-2b4562c758ed440ab047fe9523a2d99c.r2.dev/kodex-content/art/980d29dd-55170/cover.webp
spec-98ec71a8-50254,art/98ec71a8-50254/cover.webp,1080,2376,https://pub-2b4562c758ed440ab047fe9523a2d99c.r2.dev/kodex-content/art/98ec71a8-50254/cover.webp
spec-997a9271-49805,art/997a9271-49805/cover.webp,1080,2376,https://pub-2b4562c758ed440ab047fe9523a2d99c.r2.dev/kodex-content/art/997a9271-49805/cover.webp
spec-99cd4dca-50250,art/99cd4dca-50250/cover.webp,1080,2376,https://pub-2b4562c758ed440ab047fe9523a2d99c.r2.dev/kodex-content/art/99cd4dca-50250/cover.webp
spec-9c465934-54956,art/9c465934-54956/cover.webp,1080,2376,https://pub-2b4562c758ed440ab047fe9523a2d99c.r2.dev/kodex-content/art/9c465934-54956/cover.webp
spec-9d6e099e-50461,art/9d6e099e-50461/cover.webp,1080,2376,https://pub-2b4562c758ed440ab047fe9523a2d99c.r2.dev/kodex-content/art/9d6e099e-50461/cover.webp
spec-9e6618d2-50960,art/9e6618d2-50960/cover.webp,1080,2376,https://pub-2b4562c758ed440ab047fe9523a2d99c.r2.dev/kodex-content/art/9e6618d2-50960/cover.webp
spec-9fca9965-49203,art/9fca9965-49203/cover.webp,1080,2376,https://pub-2b4562c758ed440ab047fe9523a2d99c.r2.dev/kodex-content/art/9fca9965-49203/cover.webp
spec-9ff23bf8-52719,art/9ff23bf8-52719/cover.webp,1080,2376,https://pub-2b4562c758ed440ab047fe9523a2d99c.r2.dev/kodex-content/art/9ff23bf8-52719/cover.webp
spec-a0cc22d6-51063,art/a0cc22d6-51063/cover.webp,1080,2376,https://pub-2b4562c758ed440ab047fe9523a2d99c.r2.dev/kodex-content/art/a0cc22d6-51063/cover.webp
spec-a16c5bf3-51236,art/a16c5bf3-51236/cover.webp,1080,2376,https://pub-2b4562c758ed440ab047fe9523a2d99c.r2.dev/kodex-content/art/a16c5bf3-51236/cover.webp
spec-a1c24c1e-50465,art/a1c24c1e-50465/cover.webp,1080,2376,https://pub-2b4562c758ed440ab047fe9523a2d99c.r2.dev/kodex-content/art/a1c24c1e-50465/cover.webp
spec-a1f7d622-51184,art/a1f7d622-51184/cover.webp,1080,2376,https://pub-2b4562c758ed440ab047fe9523a2d99c.r2.dev/kodex-content/art/a1f7d622-51184/cover.webp
spec-a24dca07-49959,art/a24dca07-49959/cover.webp,1080,2376,https://pub-2b4562c758ed440ab047fe9523a2d99c.r2.dev/kodex-content/art/a24dca07-49959/cover.webp
spec-a2b6f774-51464,art/a2b6f774-51464/cover.webp,1080,2376,https://pub-2b4562c758ed440ab047fe9523a2d99c.r2.dev/kodex-content/art/a2b6f774-51464/cover.webp
spec-a36ecb99-51438,art/a36ecb99-51438/cover.webp,1080,2376,https://pub-2b4562c758ed440ab047fe9523a2d99c.r2.dev/kodex-content/art/a36ecb99-51438/cover.webp
spec-a37eadbb-52718,art/a37eadbb-52718/cover.webp,1080,2376,https://pub-2b4562c758ed440ab047fe9523a2d99c.r2.dev/kodex-content/art/a37eadbb-52718/cover.webp
spec-a4b5ce7d-50849,art/a4b5ce7d-50849/cover.webp,1080,2376,https://pub-2b4562c758ed440ab047fe9523a2d99c.r2.dev/kodex-content/art/a4b5ce7d-50849/cover.webp
spec-a562a345-52653,art/a562a345-52653/cover.webp,1080,2376,https://pub-2b4562c758ed440ab047fe9523a2d99c.r2.dev/kodex-content/art/a562a345-52653/cover.webp
spec-a5e290eb-50350,art/a5e290eb-50350/cover.webp,1080,2376,https://pub-2b4562c758ed440ab047fe9523a2d99c.r2.dev/kodex-content/art/a5e290eb-50350/cover.webp
spec-a66d8fe8-51315,art/a66d8fe8-51315/cover.webp,1080,2376,https://pub-2b4562c758ed440ab047fe9523a2d99c.r2.dev/kodex-content/art/a66d8fe8-51315/cover.webp
spec-a6aa84bc-55045,art/a6aa84bc-55045/cover.webp,1080,2376,https://pub-2b4562c758ed440ab047fe9523a2d99c.r2.dev/kodex-content/art/a6aa84bc-55045/cover.webp
spec-a70a4fab-49871,art/a70a4fab-49871/cover.webp,1080,2376,https://pub-2b4562c758ed440ab047fe9523a2d99c.r2.dev/kodex-content/art/a70a4fab-49871/cover.webp
spec-a79eb34d-51104,art/a79eb34d-51104/cover.webp,1080,2376,https://pub-2b4562c758ed440ab047fe9523a2d99c.r2.dev/kodex-content/art/a79eb34d-51104/cover.webp
spec-a7d5a251-54485,art/a7d5a251-54485/cover.webp,1080,2376,https://pub-2b4562c758ed440ab047fe9523a2d99c.r2.dev/kodex-content/art/a7d5a251-54485/cover.webp
spec-a86d3a5c-51182,art/a86d3a5c-51182/cover.webp,1080,2376,https://pub-2b4562c758ed440ab047fe9523a2d99c.r2.dev/kodex-content/art/a86d3a5c-51182/cover.webp
spec-a8a0bfde-49224,art/a8a0bfde-49224/cover.webp,1080,2376,https://pub-2b4562c758ed440ab047fe9523a2d99c.r2.dev/kodex-content/art/a8a0bfde-49224/cover.webp
spec-a90d2adb-51381,art/a90d2adb-51381/cover.webp,1080,2376,https://pub-2b4562c758ed440ab047fe9523a2d99c.r2.dev/kodex-content/art/a90d2adb-51381/cover.webp
spec-a940aa06-49963,art/a940aa06-49963/cover.webp,1080,2376,https://pub-2b4562c758ed440ab047fe9523a2d99c.r2.dev/kodex-content/art/a940aa06-49963/cover.webp
spec-a955e1d5-51058,art/a955e1d5-51058/cover.webp,1080,2376,https://pub-2b4562c758ed440ab047fe9523a2d99c.r2.dev/kodex-content/art/a955e1d5-51058/cover.webp
spec-a96ecbf4-49354,art/a96ecbf4-49354/cover.webp,1080,2376,https://pub-2b4562c758ed440ab047fe9523a2d99c.r2.dev/kodex-content/art/a96ecbf4-49354/cover.webp
spec-a9dab1c4-49128,art/a9dab1c4-49128/cover.webp,1080,2376,https://pub-2b4562c758ed440ab047fe9523a2d99c.r2.dev/kodex-content/art/a9dab1c4-49128/cover.webp
spec-aa11391e-50443,art/aa11391e-50443/cover.webp,1080,2376,https://pub-2b4562c758ed440ab047fe9523a2d99c.r2.dev/kodex-content/art/aa11391e-50443/cover.webp
spec-aa1f74ee-49166,art/aa1f74ee-49166/cover.webp,1080,2376,https://pub-2b4562c758ed440ab047fe9523a2d99c.r2.dev/kodex-content/art/aa1f74ee-49166/cover.webp
spec-aa213ea7-49308,art/aa213ea7-49308/cover.webp,1080,2376,https://pub-2b4562c758ed440ab047fe9523a2d99c.r2.dev/kodex-content/art/aa213ea7-49308/cover.webp
spec-ab9ded0a-49249,art/ab9ded0a-49249/cover.webp,1080,2376,https://pub-2b4562c758ed440ab047fe9523a2d99c.r2.dev/kodex-content/art/ab9ded0a-49249/cover.webp
spec-abbe2316-50959,art/abbe2316-50959/cover.webp,1080,2376,https://pub-2b4562c758ed440ab047fe9523a2d99c.r2.dev/kodex-content/art/abbe2316-50959/cover.webp
spec-abd0e2c6-54176,art/abd0e2c6-54176/cover.webp,582,1280,https://pub-2b4562c758ed440ab047fe9523a2d99c.r2.dev/kodex-content/art/abd0e2c6-54176/cover.webp
spec-adb7d286-50121,art/adb7d286-50121/cover.webp,1080,2376,https://pub-2b4562c758ed440ab047fe9523a2d99c.r2.dev/kodex-content/art/adb7d286-50121/cover.webp
spec-ae4c4e29-50439,art/ae4c4e29-50439/cover.webp,1080,2376,https://pub-2b4562c758ed440ab047fe9523a2d99c.r2.dev/kodex-content/art/ae4c4e29-50439/cover.webp
spec-ae8dcfbc-51295,art/ae8dcfbc-51295/cover.webp,1080,2376,https://pub-2b4562c758ed440ab047fe9523a2d99c.r2.dev/kodex-content/art/ae8dcfbc-51295/cover.webp
spec-aebc01e7-50089,art/aebc01e7-50089/cover.webp,1080,2376,https://pub-2b4562c758ed440ab047fe9523a2d99c.r2.dev/kodex-content/art/aebc01e7-50089/cover.webp
spec-aec9b0e1-49678,art/aec9b0e1-49678/cover.webp,1080,2376,https://pub-2b4562c758ed440ab047fe9523a2d99c.r2.dev/kodex-content/art/aec9b0e1-49678/cover.webp
spec-aeeaadbb-50368,art/aeeaadbb-50368/cover.webp,1080,2376,https://pub-2b4562c758ed440ab047fe9523a2d99c.r2.dev/kodex-content/art/aeeaadbb-50368/cover.webp
spec-af59a003-50025,art/af59a003-50025/cover.webp,1080,2376,https://pub-2b4562c758ed440ab047fe9523a2d99c.r2.dev/kodex-content/art/af59a003-50025/cover.webp
spec-af5c6435-51001,art/af5c6435-51001/cover.webp,1080,2376,https://pub-2b4562c758ed440ab047fe9523a2d99c.r2.dev/kodex-content/art/af5c6435-51001/cover.webp
spec-afdaa88d-49262,art/afdaa88d-49262/cover.webp,1080,2376,https://pub-2b4562c758ed440ab047fe9523a2d99c.r2.dev/kodex-content/art/afdaa88d-49262/cover.webp
spec-b0345aee-49116,art/b0345aee-49116/cover.webp,1080,2376,https://pub-2b4562c758ed440ab047fe9523a2d99c.r2.dev/kodex-content/art/b0345aee-49116/cover.webp
spec-b0424217-49102,art/b0424217-49102/cover.webp,1080,2376,https://pub-2b4562c758ed440ab047fe9523a2d99c.r2.dev/kodex-content/art/b0424217-49102/cover.webp
spec-b0f78378-49250,art/b0f78378-49250/cover.webp,1080,2376,https://pub-2b4562c758ed440ab047fe9523a2d99c.r2.dev/kodex-content/art/b0f78378-49250/cover.webp
spec-b1522157-51151,art/b1522157-51151/cover.webp,1080,2376,https://pub-2b4562c758ed440ab047fe9523a2d99c.r2.dev/kodex-content/art/b1522157-51151/cover.webp
spec-b15c3ac4-54176,art/b15c3ac4-54176/cover.webp,582,1280,https://pub-2b4562c758ed440ab047fe9523a2d99c.r2.dev/kodex-content/art/b15c3ac4-54176/cover.webp
spec-b16c43a4-51960,art/b16c43a4-51960/cover.webp,1080,2376,https://pub-2b4562c758ed440ab047fe9523a2d99c.r2.dev/kodex-content/art/b16c43a4-51960/cover.webp
spec-b178bc80-54961,art/b178bc80-54961/cover.webp,1080,2376,https://pub-2b4562c758ed440ab047fe9523a2d99c.r2.dev/kodex-content/art/b178bc80-54961/cover.webp
spec-b1863c1b-49089,art/b1863c1b-49089/cover.webp,1080,2376,https://pub-2b4562c758ed440ab047fe9523a2d99c.r2.dev/kodex-content/art/b1863c1b-49089/cover.webp
spec-b1f3696b-52887,art/b1f3696b-52887/cover.webp,1080,2376,https://pub-2b4562c758ed440ab047fe9523a2d99c.r2.dev/kodex-content/art/b1f3696b-52887/cover.webp
spec-b23779b3-49829,art/b23779b3-49829/cover.webp,1080,2376,https://pub-2b4562c758ed440ab047fe9523a2d99c.r2.dev/kodex-content/art/b23779b3-49829/cover.webp
spec-b24769d7-49966,art/b24769d7-49966/cover.webp,1080,2376,https://pub-2b4562c758ed440ab047fe9523a2d99c.r2.dev/kodex-content/art/b24769d7-49966/cover.webp
spec-b2c9a229-50374,art/b2c9a229-50374/cover.webp,1080,2376,https://pub-2b4562c758ed440ab047fe9523a2d99c.r2.dev/kodex-content/art/b2c9a229-50374/cover.webp
spec-b2e17d01-51239,art/b2e17d01-51239/cover.webp,1080,2376,https://pub-2b4562c758ed440ab047fe9523a2d99c.r2.dev/kodex-content/art/b2e17d01-51239/cover.webp
spec-b32b60e8-50366,art/b32b60e8-50366/cover.webp,1080,2376,https://pub-2b4562c758ed440ab047fe9523a2d99c.r2.dev/kodex-content/art/b32b60e8-50366/cover.webp
spec-b3e68dc7-49972,art/b3e68dc7-49972/cover.webp,1080,2376,https://pub-2b4562c758ed440ab047fe9523a2d99c.r2.dev/kodex-content/art/b3e68dc7-49972/cover.webp
spec-b43bc7d4-49782,art/b43bc7d4-49782/cover.webp,1080,2376,https://pub-2b4562c758ed440ab047fe9523a2d99c.r2.dev/kodex-content/art/b43bc7d4-49782/cover.webp
spec-b4c3b3dd-50245,art/b4c3b3dd-50245/cover.webp,1080,2376,https://pub-2b4562c758ed440ab047fe9523a2d99c.r2.dev/kodex-content/art/b4c3b3dd-50245/cover.webp
spec-b5b4b2e5-49819,art/b5b4b2e5-49819/cover.webp,1080,2376,https://pub-2b4562c758ed440ab047fe9523a2d99c.r2.dev/kodex-content/art/b5b4b2e5-49819/cover.webp
spec-b5d37b53-50113,art/b5d37b53-50113/cover.webp,1080,2376,https://pub-2b4562c758ed440ab047fe9523a2d99c.r2.dev/kodex-content/art/b5d37b53-50113/cover.webp
spec-b68c8e46-49657,art/b68c8e46-49657/cover.webp,1080,2376,https://pub-2b4562c758ed440ab047fe9523a2d99c.r2.dev/kodex-content/art/b68c8e46-49657/cover.webp
spec-b71ccf4e-49261,art/b71ccf4e-49261/cover.webp,1080,2376,https://pub-2b4562c758ed440ab047fe9523a2d99c.r2.dev/kodex-content/art/b71ccf4e-49261/cover.webp
spec-b71f8cd2-54704,art/b71f8cd2-54704/cover.webp,1080,2376,https://pub-2b4562c758ed440ab047fe9523a2d99c.r2.dev/kodex-content/art/b71f8cd2-54704/cover.webp
spec-b763db9d-54715,art/b763db9d-54715/cover.webp,1080,2376,https://pub-2b4562c758ed440ab047fe9523a2d99c.r2.dev/kodex-content/art/b763db9d-54715/cover.webp
spec-b7bbc38e-51325,art/b7bbc38e-51325/cover.webp,1080,2376,https://pub-2b4562c758ed440ab047fe9523a2d99c.r2.dev/kodex-content/art/b7bbc38e-51325/cover.webp
spec-b7f6a380-52692,art/b7f6a380-52692/cover.webp,1080,2376,https://pub-2b4562c758ed440ab047fe9523a2d99c.r2.dev/kodex-content/art/b7f6a380-52692/cover.webp
spec-b81bac79-51851,art/b81bac79-51851/cover.webp,1080,2376,https://pub-2b4562c758ed440ab047fe9523a2d99c.r2.dev/kodex-content/art/b81bac79-51851/cover.webp
spec-b878155a-51187,art/b878155a-51187/cover.webp,1080,2376,https://pub-2b4562c758ed440ab047fe9523a2d99c.r2.dev/kodex-content/art/b878155a-51187/cover.webp
spec-b8a90063-50395,art/b8a90063-50395/cover.webp,1080,2376,https://pub-2b4562c758ed440ab047fe9523a2d99c.r2.dev/kodex-content/art/b8a90063-50395/cover.webp
spec-b970db7e-54481,art/b970db7e-54481/cover.webp,1080,2376,https://pub-2b4562c758ed440ab047fe9523a2d99c.r2.dev/kodex-content/art/b970db7e-54481/cover.webp
spec-b98c0075-49093,art/b98c0075-49093/cover.webp,1080,2376,https://pub-2b4562c758ed440ab047fe9523a2d99c.r2.dev/kodex-content/art/b98c0075-49093/cover.webp
spec-b99a83d7-51957,art/b99a83d7-51957/cover.webp,1080,2376,https://pub-2b4562c758ed440ab047fe9523a2d99c.r2.dev/kodex-content/art/b99a83d7-51957/cover.webp
spec-b9ad2a73-50398,art/b9ad2a73-50398/cover.webp,1080,2376,https://pub-2b4562c758ed440ab047fe9523a2d99c.r2.dev/kodex-content/art/b9ad2a73-50398/cover.webp
spec-b9facc5b-49236,art/b9facc5b-49236/cover.webp,1080,2376,https://pub-2b4562c758ed440ab047fe9523a2d99c.r2.dev/kodex-content/art/b9facc5b-49236/cover.webp
spec-ba309d85-49669,art/ba309d85-49669/cover.webp,1080,2376,https://pub-2b4562c758ed440ab047fe9523a2d99c.r2.dev/kodex-content/art/ba309d85-49669/cover.webp
spec-ba7cb09c-48806,art/ba7cb09c-48806/cover.webp,1080,2376,https://pub-2b4562c758ed440ab047fe9523a2d99c.r2.dev/kodex-content/art/ba7cb09c-48806/cover.webp
spec-bab25d76-51395,art/bab25d76-51395/cover.webp,1080,2376,https://pub-2b4562c758ed440ab047fe9523a2d99c.r2.dev/kodex-content/art/bab25d76-51395/cover.webp
spec-bb273ce9-52835,art/bb273ce9-52835/cover.webp,1080,2376,https://pub-2b4562c758ed440ab047fe9523a2d99c.r2.dev/kodex-content/art/bb273ce9-52835/cover.webp
spec-bb31471b-54703,art/bb31471b-54703/cover.webp,1080,2376,https://pub-2b4562c758ed440ab047fe9523a2d99c.r2.dev/kodex-content/art/bb31471b-54703/cover.webp
spec-bb7c0c61-49890,art/bb7c0c61-49890/cover.webp,1080,2376,https://pub-2b4562c758ed440ab047fe9523a2d99c.r2.dev/kodex-content/art/bb7c0c61-49890/cover.webp
spec-bbd06d31-49540,art/bbd06d31-49540/cover.webp,1080,2376,https://pub-2b4562c758ed440ab047fe9523a2d99c.r2.dev/kodex-content/art/bbd06d31-49540/cover.webp
spec-bbdec62b-49906,art/bbdec62b-49906/cover.webp,1080,2376,https://pub-2b4562c758ed440ab047fe9523a2d99c.r2.dev/kodex-content/art/bbdec62b-49906/cover.webp
spec-bbfca359-54478,art/bbfca359-54478/cover.webp,1080,2376,https://pub-2b4562c758ed440ab047fe9523a2d99c.r2.dev/kodex-content/art/bbfca359-54478/cover.webp
spec-bc1e61e5-54705,art/bc1e61e5-54705/cover.webp,1080,2376,https://pub-2b4562c758ed440ab047fe9523a2d99c.r2.dev/kodex-content/art/bc1e61e5-54705/cover.webp
spec-bc2afb8e-51379,art/bc2afb8e-51379/cover.webp,1080,2376,https://pub-2b4562c758ed440ab047fe9523a2d99c.r2.dev/kodex-content/art/bc2afb8e-51379/cover.webp
spec-bc51e399-50016,art/bc51e399-50016/cover.webp,1080,2376,https://pub-2b4562c758ed440ab047fe9523a2d99c.r2.dev/kodex-content/art/bc51e399-50016/cover.webp
spec-bdf2d5ae-50466,art/bdf2d5ae-50466/cover.webp,1080,2376,https://pub-2b4562c758ed440ab047fe9523a2d99c.r2.dev/kodex-content/art/bdf2d5ae-50466/cover.webp
spec-be064a3d-49138,art/be064a3d-49138/cover.webp,1080,2376,https://pub-2b4562c758ed440ab047fe9523a2d99c.r2.dev/kodex-content/art/be064a3d-49138/cover.webp
spec-be0c47ed-54710,art/be0c47ed-54710/cover.webp,1080,2376,https://pub-2b4562c758ed440ab047fe9523a2d99c.r2.dev/kodex-content/art/be0c47ed-54710/cover.webp
spec-bf1b2b80-51192,art/bf1b2b80-51192/cover.webp,1080,2376,https://pub-2b4562c758ed440ab047fe9523a2d99c.r2.dev/kodex-content/art/bf1b2b80-51192/cover.webp
spec-bfc4b9d3-49953,art/bfc4b9d3-49953/cover.webp,1080,2376,https://pub-2b4562c758ed440ab047fe9523a2d99c.r2.dev/kodex-content/art/bfc4b9d3-49953/cover.webp
spec-bfdc7d87-53893,art/bfdc7d87-53893/cover.webp,1080,2376,https://pub-2b4562c758ed440ab047fe9523a2d99c.r2.dev/kodex-content/art/bfdc7d87-53893/cover.webp
spec-c0a22e9a-49873,art/c0a22e9a-49873/cover.webp,1080,2376,https://pub-2b4562c758ed440ab047fe9523a2d99c.r2.dev/kodex-content/art/c0a22e9a-49873/cover.webp
spec-c102fe9d-51100,art/c102fe9d-51100/cover.webp,1080,2376,https://pub-2b4562c758ed440ab047fe9523a2d99c.r2.dev/kodex-content/art/c102fe9d-51100/cover.webp
spec-c1eb60c1-52854,art/c1eb60c1-52854/cover.webp,1080,2376,https://pub-2b4562c758ed440ab047fe9523a2d99c.r2.dev/kodex-content/art/c1eb60c1-52854/cover.webp
spec-c23cf6e7-54450,art/c23cf6e7-54450/cover.webp,1080,2376,https://pub-2b4562c758ed440ab047fe9523a2d99c.r2.dev/kodex-content/art/c23cf6e7-54450/cover.webp
spec-c260768e-49813,art/c260768e-49813/cover.webp,1080,2376,https://pub-2b4562c758ed440ab047fe9523a2d99c.r2.dev/kodex-content/art/c260768e-49813/cover.webp
spec-c424b2da-54718,art/c424b2da-54718/cover.webp,1080,2376,https://pub-2b4562c758ed440ab047fe9523a2d99c.r2.dev/kodex-content/art/c424b2da-54718/cover.webp
spec-c454b2e0-49546,art/c454b2e0-49546/cover.webp,1080,2376,https://pub-2b4562c758ed440ab047fe9523a2d99c.r2.dev/kodex-content/art/c454b2e0-49546/cover.webp
spec-c5bf543a-53135,art/c5bf543a-53135/cover.webp,1080,2376,https://pub-2b4562c758ed440ab047fe9523a2d99c.r2.dev/kodex-content/art/c5bf543a-53135/cover.webp
spec-c661584b-50996,art/c661584b-50996/cover.webp,1080,2376,https://pub-2b4562c758ed440ab047fe9523a2d99c.r2.dev/kodex-content/art/c661584b-50996/cover.webp
spec-c85afa94-51051,art/c85afa94-51051/cover.webp,1080,2376,https://pub-2b4562c758ed440ab047fe9523a2d99c.r2.dev/kodex-content/art/c85afa94-51051/cover.webp
spec-c8adea1b-51070,art/c8adea1b-51070/cover.webp,1080,2376,https://pub-2b4562c758ed440ab047fe9523a2d99c.r2.dev/kodex-content/art/c8adea1b-51070/cover.webp
spec-c93acba5-51296,art/c93acba5-51296/cover.webp,1080,2376,https://pub-2b4562c758ed440ab047fe9523a2d99c.r2.dev/kodex-content/art/c93acba5-51296/cover.webp
spec-c9751523-55043,art/c9751523-55043/cover.webp,1080,2376,https://pub-2b4562c758ed440ab047fe9523a2d99c.r2.dev/kodex-content/art/c9751523-55043/cover.webp
spec-c9cad1eb-49672,art/c9cad1eb-49672/cover.webp,1080,2376,https://pub-2b4562c758ed440ab047fe9523a2d99c.r2.dev/kodex-content/art/c9cad1eb-49672/cover.webp
spec-c9d96a33-50097,art/c9d96a33-50097/cover.webp,1080,2376,https://pub-2b4562c758ed440ab047fe9523a2d99c.r2.dev/kodex-content/art/c9d96a33-50097/cover.webp
spec-ca2542b3-51193,art/ca2542b3-51193/cover.webp,1080,2376,https://pub-2b4562c758ed440ab047fe9523a2d99c.r2.dev/kodex-content/art/ca2542b3-51193/cover.webp
spec-cdf8b98a-49954,art/cdf8b98a-49954/cover.webp,1080,2376,https://pub-2b4562c758ed440ab047fe9523a2d99c.r2.dev/kodex-content/art/cdf8b98a-49954/cover.webp
spec-cdfa77f7-49124,art/cdfa77f7-49124/cover.webp,1080,2376,https://pub-2b4562c758ed440ab047fe9523a2d99c.r2.dev/kodex-content/art/cdfa77f7-49124/cover.webp
spec-cf452c94-50488,art/cf452c94-50488/cover.webp,1792,4000,https://pub-2b4562c758ed440ab047fe9523a2d99c.r2.dev/kodex-content/art/cf452c94-50488/cover.webp
spec-d0ba5d89-50455,art/d0ba5d89-50455/cover.webp,1080,2376,https://pub-2b4562c758ed440ab047fe9523a2d99c.r2.dev/kodex-content/art/d0ba5d89-50455/cover.webp
spec-d13e7d1f-51140,art/d13e7d1f-51140/cover.webp,1080,2376,https://pub-2b4562c758ed440ab047fe9523a2d99c.r2.dev/kodex-content/art/d13e7d1f-51140/cover.webp
spec-d18f048c-50027,art/d18f048c-50027/cover.webp,1080,2376,https://pub-2b4562c758ed440ab047fe9523a2d99c.r2.dev/kodex-content/art/d18f048c-50027/cover.webp
spec-d2794ecd-54242,art/d2794ecd-54242/cover.webp,1080,2376,https://pub-2b4562c758ed440ab047fe9523a2d99c.r2.dev/kodex-content/art/d2794ecd-54242/cover.webp
spec-d34ad388-50100,art/d34ad388-50100/cover.webp,1080,2376,https://pub-2b4562c758ed440ab047fe9523a2d99c.r2.dev/kodex-content/art/d34ad388-50100/cover.webp
spec-d395a224-51103,art/d395a224-51103/cover.webp,1080,2376,https://pub-2b4562c758ed440ab047fe9523a2d99c.r2.dev/kodex-content/art/d395a224-51103/cover.webp
spec-d471f9ae-51440,art/d471f9ae-51440/cover.webp,1080,2376,https://pub-2b4562c758ed440ab047fe9523a2d99c.r2.dev/kodex-content/art/d471f9ae-51440/cover.webp
spec-d4978e6d-51058,art/d4978e6d-51058/cover.webp,1080,2376,https://pub-2b4562c758ed440ab047fe9523a2d99c.r2.dev/kodex-content/art/d4978e6d-51058/cover.webp
spec-d4a1d092-51240,art/d4a1d092-51240/cover.webp,1080,2376,https://pub-2b4562c758ed440ab047fe9523a2d99c.r2.dev/kodex-content/art/d4a1d092-51240/cover.webp
spec-d52642c0-50021,art/d52642c0-50021/cover.webp,1080,2376,https://pub-2b4562c758ed440ab047fe9523a2d99c.r2.dev/kodex-content/art/d52642c0-50021/cover.webp
spec-d52e0ffa-52703,art/d52e0ffa-52703/cover.webp,1080,2376,https://pub-2b4562c758ed440ab047fe9523a2d99c.r2.dev/kodex-content/art/d52e0ffa-52703/cover.webp
spec-d53e4a99-49254,art/d53e4a99-49254/cover.webp,1080,2376,https://pub-2b4562c758ed440ab047fe9523a2d99c.r2.dev/kodex-content/art/d53e4a99-49254/cover.webp
spec-d5a0b183-51399,art/d5a0b183-51399/cover.webp,1080,2376,https://pub-2b4562c758ed440ab047fe9523a2d99c.r2.dev/kodex-content/art/d5a0b183-51399/cover.webp
spec-d6b1f423-49841,art/d6b1f423-49841/cover.webp,1080,2376,https://pub-2b4562c758ed440ab047fe9523a2d99c.r2.dev/kodex-content/art/d6b1f423-49841/cover.webp
spec-d75888c6-49822,art/d75888c6-49822/cover.webp,1080,2376,https://pub-2b4562c758ed440ab047fe9523a2d99c.r2.dev/kodex-content/art/d75888c6-49822/cover.webp
spec-d792c94a-52703,art/d792c94a-52703/cover.webp,1080,2376,https://pub-2b4562c758ed440ab047fe9523a2d99c.r2.dev/kodex-content/art/d792c94a-52703/cover.webp
spec-d7a15185-51363,art/d7a15185-51363/cover.webp,1080,2376,https://pub-2b4562c758ed440ab047fe9523a2d99c.r2.dev/kodex-content/art/d7a15185-51363/cover.webp
spec-d7a3777e-53568,art/d7a3777e-53568/cover.webp,1080,2376,https://pub-2b4562c758ed440ab047fe9523a2d99c.r2.dev/kodex-content/art/d7a3777e-53568/cover.webp
spec-d7b1c800-49283,art/d7b1c800-49283/cover.webp,1080,2376,https://pub-2b4562c758ed440ab047fe9523a2d99c.r2.dev/kodex-content/art/d7b1c800-49283/cover.webp
spec-d83d8c39-52663,art/d83d8c39-52663/cover.webp,1080,2376,https://pub-2b4562c758ed440ab047fe9523a2d99c.r2.dev/kodex-content/art/d83d8c39-52663/cover.webp
spec-d85e6bfd-51241,art/d85e6bfd-51241/cover.webp,1080,2376,https://pub-2b4562c758ed440ab047fe9523a2d99c.r2.dev/kodex-content/art/d85e6bfd-51241/cover.webp
spec-d8914cdb-49349,art/d8914cdb-49349/cover.webp,1080,2376,https://pub-2b4562c758ed440ab047fe9523a2d99c.r2.dev/kodex-content/art/d8914cdb-49349/cover.webp
spec-d8d2769b-50365,art/d8d2769b-50365/cover.webp,1080,2376,https://pub-2b4562c758ed440ab047fe9523a2d99c.r2.dev/kodex-content/art/d8d2769b-50365/cover.webp
spec-d8d7cb2d-49677,art/d8d7cb2d-49677/cover.webp,1080,2376,https://pub-2b4562c758ed440ab047fe9523a2d99c.r2.dev/kodex-content/art/d8d7cb2d-49677/cover.webp
spec-d9c8e7b6-49811,art/d9c8e7b6-49811/cover.webp,1080,2376,https://pub-2b4562c758ed440ab047fe9523a2d99c.r2.dev/kodex-content/art/d9c8e7b6-49811/cover.webp
spec-da14b8e3-53567,art/da14b8e3-53567/cover.webp,1080,2376,https://pub-2b4562c758ed440ab047fe9523a2d99c.r2.dev/kodex-content/art/da14b8e3-53567/cover.webp
spec-db064fb5-55044,art/db064fb5-55044/cover.webp,1080,2376,https://pub-2b4562c758ed440ab047fe9523a2d99c.r2.dev/kodex-content/art/db064fb5-55044/cover.webp
spec-db4135f1-51182,art/db4135f1-51182/cover.webp,1080,2376,https://pub-2b4562c758ed440ab047fe9523a2d99c.r2.dev/kodex-content/art/db4135f1-51182/cover.webp
spec-db55af94-54714,art/db55af94-54714/cover.webp,1080,2376,https://pub-2b4562c758ed440ab047fe9523a2d99c.r2.dev/kodex-content/art/db55af94-54714/cover.webp
spec-dc2d7947-54952,art/dc2d7947-54952/cover.webp,1080,2376,https://pub-2b4562c758ed440ab047fe9523a2d99c.r2.dev/kodex-content/art/dc2d7947-54952/cover.webp
spec-dcb0412d-51465,art/dcb0412d-51465/cover.webp,1080,2376,https://pub-2b4562c758ed440ab047fe9523a2d99c.r2.dev/kodex-content/art/dcb0412d-51465/cover.webp
spec-dd042c7d-49834,art/dd042c7d-49834/cover.webp,1080,2376,https://pub-2b4562c758ed440ab047fe9523a2d99c.r2.dev/kodex-content/art/dd042c7d-49834/cover.webp
spec-dd574a82-52834,art/dd574a82-52834/cover.webp,1080,2376,https://pub-2b4562c758ed440ab047fe9523a2d99c.r2.dev/kodex-content/art/dd574a82-52834/cover.webp
spec-dd5ae63f-51378,art/dd5ae63f-51378/cover.webp,1080,2376,https://pub-2b4562c758ed440ab047fe9523a2d99c.r2.dev/kodex-content/art/dd5ae63f-51378/cover.webp
spec-dd7966e3-48817,art/dd7966e3-48817/cover.webp,1080,2376,https://pub-2b4562c758ed440ab047fe9523a2d99c.r2.dev/kodex-content/art/dd7966e3-48817/cover.webp
spec-de34c72a-53572,art/de34c72a-53572/cover.webp,1080,2376,https://pub-2b4562c758ed440ab047fe9523a2d99c.r2.dev/kodex-content/art/de34c72a-53572/cover.webp
spec-de879db3-49538,art/de879db3-49538/cover.webp,1080,2376,https://pub-2b4562c758ed440ab047fe9523a2d99c.r2.dev/kodex-content/art/de879db3-49538/cover.webp
spec-deb6fbae-49288,art/deb6fbae-49288/cover.webp,1080,2376,https://pub-2b4562c758ed440ab047fe9523a2d99c.r2.dev/kodex-content/art/deb6fbae-49288/cover.webp
spec-df6b651f-51835,art/df6b651f-51835/cover.webp,1080,2376,https://pub-2b4562c758ed440ab047fe9523a2d99c.r2.dev/kodex-content/art/df6b651f-51835/cover.webp
spec-dfa96c1a-49785,art/dfa96c1a-49785/cover.webp,1080,2376,https://pub-2b4562c758ed440ab047fe9523a2d99c.r2.dev/kodex-content/art/dfa96c1a-49785/cover.webp
spec-e0086abe-51057,art/e0086abe-51057/cover.webp,1080,2376,https://pub-2b4562c758ed440ab047fe9523a2d99c.r2.dev/kodex-content/art/e0086abe-51057/cover.webp
spec-e06d6313-49113,art/e06d6313-49113/cover.webp,1080,2376,https://pub-2b4562c758ed440ab047fe9523a2d99c.r2.dev/kodex-content/art/e06d6313-49113/cover.webp
spec-e0e0454b-50470,art/e0e0454b-50470/cover.webp,1080,2376,https://pub-2b4562c758ed440ab047fe9523a2d99c.r2.dev/kodex-content/art/e0e0454b-50470/cover.webp
spec-e0e6af68-51062,art/e0e6af68-51062/cover.webp,1080,2376,https://pub-2b4562c758ed440ab047fe9523a2d99c.r2.dev/kodex-content/art/e0e6af68-51062/cover.webp
spec-e122ff4f-53852,art/e122ff4f-53852/cover.webp,1080,2376,https://pub-2b4562c758ed440ab047fe9523a2d99c.r2.dev/kodex-content/art/e122ff4f-53852/cover.webp
spec-e2ea0433-48250,art/e2ea0433-48250/cover.webp,1080,2376,https://pub-2b4562c758ed440ab047fe9523a2d99c.r2.dev/kodex-content/art/e2ea0433-48250/cover.webp
spec-e3f47bb6-49128,art/e3f47bb6-49128/cover.webp,1080,2376,https://pub-2b4562c758ed440ab047fe9523a2d99c.r2.dev/kodex-content/art/e3f47bb6-49128/cover.webp
spec-e41b3346-48822,art/e41b3346-48822/cover.webp,1080,2376,https://pub-2b4562c758ed440ab047fe9523a2d99c.r2.dev/kodex-content/art/e41b3346-48822/cover.webp
spec-e4de3be5-50012,art/e4de3be5-50012/cover.webp,1080,2376,https://pub-2b4562c758ed440ab047fe9523a2d99c.r2.dev/kodex-content/art/e4de3be5-50012/cover.webp
spec-e509a09a-51861,art/e509a09a-51861/cover.webp,1080,2376,https://pub-2b4562c758ed440ab047fe9523a2d99c.r2.dev/kodex-content/art/e509a09a-51861/cover.webp
spec-e549cdf8-54414,art/e549cdf8-54414/cover.webp,1080,2376,https://pub-2b4562c758ed440ab047fe9523a2d99c.r2.dev/kodex-content/art/e549cdf8-54414/cover.webp
spec-e55a1d36-49213,art/e55a1d36-49213/cover.webp,1080,2376,https://pub-2b4562c758ed440ab047fe9523a2d99c.r2.dev/kodex-content/art/e55a1d36-49213/cover.webp
spec-7eb583e0-50444,art/7eb583e0-50444/cover.webp,1080,2376,https://pub-2b4562c758ed440ab047fe9523a2d99c.r2.dev/kodex-content/art/7eb583e0-50444/cover.webp
spec-7f90747a-50999,art/7f90747a-50999/cover.webp,1080,2376,https://pub-2b4562c758ed440ab047fe9523a2d99c.r2.dev/kodex-content/art/7f90747a-50999/cover.webp
spec-819a91da-54716,art/819a91da-54716/cover.webp,1080,2376,https://pub-2b4562c758ed440ab047fe9523a2d99c.r2.dev/kodex-content/art/819a91da-54716/cover.webp
spec-826cddfd-51215,art/826cddfd-51215/cover.webp,1080,2376,https://pub-2b4562c758ed440ab047fe9523a2d99c.r2.dev/kodex-content/art/826cddfd-51215/cover.webp
spec-8339afe3-54241,art/8339afe3-54241/cover.webp,1080,2376,https://pub-2b4562c758ed440ab047fe9523a2d99c.r2.dev/kodex-content/art/8339afe3-54241/cover.webp
spec-873124c9-54240,art/873124c9-54240/cover.webp,1080,2376,https://pub-2b4562c758ed440ab047fe9523a2d99c.r2.dev/kodex-content/art/873124c9-54240/cover.webp
spec-87c76f8f-51144,art/87c76f8f-51144/cover.webp,1080,2376,https://pub-2b4562c758ed440ab047fe9523a2d99c.r2.dev/kodex-content/art/87c76f8f-51144/cover.webp
spec-881e51af-49351,art/881e51af-49351/cover.webp,1080,2376,https://pub-2b4562c758ed440ab047fe9523a2d99c.r2.dev/kodex-content/art/881e51af-49351/cover.webp
spec-8845eca1-51189,art/8845eca1-51189/cover.webp,1080,2376,https://pub-2b4562c758ed440ab047fe9523a2d99c.r2.dev/kodex-content/art/8845eca1-51189/cover.webp
spec-887f1c7f-54435,art/887f1c7f-54435/cover.webp,1080,2376,https://pub-2b4562c758ed440ab047fe9523a2d99c.r2.dev/kodex-content/art/887f1c7f-54435/cover.webp
spec-888a98a9-49207,art/888a98a9-49207/cover.webp,1080,2376,https://pub-2b4562c758ed440ab047fe9523a2d99c.r2.dev/kodex-content/art/888a98a9-49207/cover.webp
spec-8948df82-49779,art/8948df82-49779/cover.webp,1080,2376,https://pub-2b4562c758ed440ab047fe9523a2d99c.r2.dev/kodex-content/art/8948df82-49779/cover.webp
spec-8989c052-49784,art/8989c052-49784/cover.webp,1080,2376,https://pub-2b4562c758ed440ab047fe9523a2d99c.r2.dev/kodex-content/art/8989c052-49784/cover.webp
spec-89922f91-49539,art/89922f91-49539/cover.webp,1080,2376,https://pub-2b4562c758ed440ab047fe9523a2d99c.r2.dev/kodex-content/art/89922f91-49539/cover.webp
spec-8b2e0531-50883,art/8b2e0531-50883/cover.webp,1080,2376,https://pub-2b4562c758ed440ab047fe9523a2d99c.r2.dev/kodex-content/art/8b2e0531-50883/cover.webp
spec-8b9fa16c-48794,art/8b9fa16c-48794/cover.webp,1080,2376,https://pub-2b4562c758ed440ab047fe9523a2d99c.r2.dev/kodex-content/art/8b9fa16c-48794/cover.webp
spec-8d9657e0-50244,art/8d9657e0-50244/cover.webp,1080,2376,https://pub-2b4562c758ed440ab047fe9523a2d99c.r2.dev/kodex-content/art/8d9657e0-50244/cover.webp
spec-8eba0ce4-49226,art/8eba0ce4-49226/cover.webp,1080,2376,https://pub-2b4562c758ed440ab047fe9523a2d99c.r2.dev/kodex-content/art/8eba0ce4-49226/cover.webp
spec-8f7bb2bb-49117,art/8f7bb2bb-49117/cover.webp,1080,2376,https://pub-2b4562c758ed440ab047fe9523a2d99c.r2.dev/kodex-content/art/8f7bb2bb-49117/cover.webp
spec-9044dca8-50954,art/9044dca8-50954/cover.webp,1080,2376,https://pub-2b4562c758ed440ab047fe9523a2d99c.r2.dev/kodex-content/art/9044dca8-50954/cover.webp
spec-9078e4b5-49875,art/9078e4b5-49875/cover.webp,1080,2376,https://pub-2b4562c758ed440ab047fe9523a2d99c.r2.dev/kodex-content/art/9078e4b5-49875/cover.webp
spec-912f97cb-54433,art/912f97cb-54433/cover.webp,1080,2376,https://pub-2b4562c758ed440ab047fe9523a2d99c.r2.dev/kodex-content/art/912f97cb-54433/cover.webp
spec-916f5076-49844,art/916f5076-49844/cover.webp,1080,2376,https://pub-2b4562c758ed440ab047fe9523a2d99c.r2.dev/kodex-content/art/916f5076-49844/cover.webp
spec-91b909f0-49080,art/91b909f0-49080/cover.webp,1080,2376,https://pub-2b4562c758ed440ab047fe9523a2d99c.r2.dev/kodex-content/art/91b909f0-49080/cover.webp
spec-91f03e20-51479,art/91f03e20-51479/cover.webp,1080,2376,https://pub-2b4562c758ed440ab047fe9523a2d99c.r2.dev/kodex-content/art/91f03e20-51479/cover.webp
spec-91f84206-49973,art/91f84206-49973/cover.webp,1080,2376,https://pub-2b4562c758ed440ab047fe9523a2d99c.r2.dev/kodex-content/art/91f84206-49973/cover.webp
spec-921423e3-49965,art/921423e3-49965/cover.webp,1080,2376,https://pub-2b4562c758ed440ab047fe9523a2d99c.r2.dev/kodex-content/art/921423e3-49965/cover.webp
spec-9263c3cd-51006,art/9263c3cd-51006/cover.webp,1080,2376,https://pub-2b4562c758ed440ab047fe9523a2d99c.r2.dev/kodex-content/art/9263c3cd-51006/cover.webp
spec-9288623e-48927,art/9288623e-48927/cover.webp,1080,2376,https://pub-2b4562c758ed440ab047fe9523a2d99c.r2.dev/kodex-content/art/9288623e-48927/cover.webp
spec-9290bc4c-54242,art/9290bc4c-54242/cover.webp,1080,2376,https://pub-2b4562c758ed440ab047fe9523a2d99c.r2.dev/kodex-content/art/9290bc4c-54242/cover.webp
spec-92990022-50364,art/92990022-50364/cover.webp,1080,2376,https://pub-2b4562c758ed440ab047fe9523a2d99c.r2.dev/kodex-content/art/92990022-50364/cover.webp
spec-92f7c6e9-54963,art/92f7c6e9-54963/cover.webp,1080,2376,https://pub-2b4562c758ed440ab047fe9523a2d99c.r2.dev/kodex-content/art/92f7c6e9-54963/cover.webp
spec-93b3a34a-50220,art/93b3a34a-50220/cover.webp,1080,2376,https://pub-2b4562c758ed440ab047fe9523a2d99c.r2.dev/kodex-content/art/93b3a34a-50220/cover.webp
spec-93e8414c-50146,art/93e8414c-50146/cover.webp,1080,2376,https://pub-2b4562c758ed440ab047fe9523a2d99c.r2.dev/kodex-content/art/93e8414c-50146/cover.webp
spec-941ea6c8-50118,art/941ea6c8-50118/cover.webp,1080,2376,https://pub-2b4562c758ed440ab047fe9523a2d99c.r2.dev/kodex-content/art/941ea6c8-50118/cover.webp
spec-94e62f12-49276,art/94e62f12-49276/cover.webp,1080,2376,https://pub-2b4562c758ed440ab047fe9523a2d99c.r2.dev/kodex-content/art/94e62f12-49276/cover.webp
spec-94f22213-48897,art/94f22213-48897/cover.webp,1080,2376,https://pub-2b4562c758ed440ab047fe9523a2d99c.r2.dev/kodex-content/art/94f22213-48897/cover.webp
spec-94fbf2c3-51053,art/94fbf2c3-51053/cover.webp,1080,2376,https://pub-2b4562c758ed440ab047fe9523a2d99c.r2.dev/kodex-content/art/94fbf2c3-51053/cover.webp
spec-9532cf26-51480,art/9532cf26-51480/cover.webp,1080,2376,https://pub-2b4562c758ed440ab047fe9523a2d99c.r2.dev/kodex-content/art/9532cf26-51480/cover.webp
spec-953748e3-49217,art/953748e3-49217/cover.webp,1080,2376,https://pub-2b4562c758ed440ab047fe9523a2d99c.r2.dev/kodex-content/art/953748e3-49217/cover.webp
spec-953e6c63-50490,art/953e6c63-50490/cover.webp,1792,4000,https://pub-2b4562c758ed440ab047fe9523a2d99c.r2.dev/kodex-content/art/953e6c63-50490/cover.webp
spec-9558049d-49894,art/9558049d-49894/cover.webp,1080,2376,https://pub-2b4562c758ed440ab047fe9523a2d99c.r2.dev/kodex-content/art/9558049d-49894/cover.webp
spec-97203b85-50472,art/97203b85-50472/cover.webp,1080,2376,https://pub-2b4562c758ed440ab047fe9523a2d99c.r2.dev/kodex-content/art/97203b85-50472/cover.webp
spec-97564049-50129,art/97564049-50129/cover.webp,1080,2376,https://pub-2b4562c758ed440ab047fe9523a2d99c.r2.dev/kodex-content/art/97564049-50129/cover.webp
spec-975baa05-49167,art/975baa05-49167/cover.webp,1080,2376,https://pub-2b4562c758ed440ab047fe9523a2d99c.r2.dev/kodex-content/art/975baa05-49167/cover.webp
spec-988b74df-54287,art/988b74df-54287/cover.webp,1080,2376,https://pub-2b4562c758ed440ab047fe9523a2d99c.r2.dev/kodex-content/art/988b74df-54287/cover.webp
spec-98a80dd6-49337,art/98a80dd6-49337/cover.webp,1080,2376,https://pub-2b4562c758ed440ab047fe9523a2d99c.r2.dev/kodex-content/art/98a80dd6-49337/cover.webp
spec-98e7aa6b-49095,art/98e7aa6b-49095/cover.webp,1080,2376,https://pub-2b4562c758ed440ab047fe9523a2d99c.r2.dev/kodex-content/art/98e7aa6b-49095/cover.webp
spec-99afc643-51050,art/99afc643-51050/cover.webp,1080,2376,https://pub-2b4562c758ed440ab047fe9523a2d99c.r2.dev/kodex-content/art/99afc643-51050/cover.webp
spec-99d52826-51108,art/99d52826-51108/cover.webp,1080,2376,https://pub-2b4562c758ed440ab047fe9523a2d99c.r2.dev/kodex-content/art/99d52826-51108/cover.webp
spec-9a1095ce-48795,art/9a1095ce-48795/cover.webp,1080,2376,https://pub-2b4562c758ed440ab047fe9523a2d99c.r2.dev/kodex-content/art/9a1095ce-48795/cover.webp
spec-9b625bb1-49216,art/9b625bb1-49216/cover.webp,1080,2376,https://pub-2b4562c758ed440ab047fe9523a2d99c.r2.dev/kodex-content/art/9b625bb1-49216/cover.webp
spec-9b759f41-51853,art/9b759f41-51853/cover.webp,1080,2376,https://pub-2b4562c758ed440ab047fe9523a2d99c.r2.dev/kodex-content/art/9b759f41-51853/cover.webp
spec-9ba664c6-49125,art/9ba664c6-49125/cover.webp,1080,2376,https://pub-2b4562c758ed440ab047fe9523a2d99c.r2.dev/kodex-content/art/9ba664c6-49125/cover.webp
spec-9c3fe4ff-54453,art/9c3fe4ff-54453/cover.webp,1080,2376,https://pub-2b4562c758ed440ab047fe9523a2d99c.r2.dev/kodex-content/art/9c3fe4ff-54453/cover.webp
spec-9cfe036f-49881,art/9cfe036f-49881/cover.webp,1080,2376,https://pub-2b4562c758ed440ab047fe9523a2d99c.r2.dev/kodex-content/art/9cfe036f-49881/cover.webp
spec-9d5cf215-54242,art/9d5cf215-54242/cover.webp,1080,2376,https://pub-2b4562c758ed440ab047fe9523a2d99c.r2.dev/kodex-content/art/9d5cf215-54242/cover.webp
spec-9da6d23b-48815,art/9da6d23b-48815/cover.webp,1080,2376,https://pub-2b4562c758ed440ab047fe9523a2d99c.r2.dev/kodex-content/art/9da6d23b-48815/cover.webp
spec-9df80482-50124,art/9df80482-50124/cover.webp,1080,2376,https://pub-2b4562c758ed440ab047fe9523a2d99c.r2.dev/kodex-content/art/9df80482-50124/cover.webp
spec-9e8c21b8-51008,art/9e8c21b8-51008/cover.webp,1080,2376,https://pub-2b4562c758ed440ab047fe9523a2d99c.r2.dev/kodex-content/art/9e8c21b8-51008/cover.webp
spec-9ecca876-50122,art/9ecca876-50122/cover.webp,1080,2376,https://pub-2b4562c758ed440ab047fe9523a2d99c.r2.dev/kodex-content/art/9ecca876-50122/cover.webp
spec-9f08edf0-51064,art/9f08edf0-51064/cover.webp,1080,2376,https://pub-2b4562c758ed440ab047fe9523a2d99c.r2.dev/kodex-content/art/9f08edf0-51064/cover.webp
spec-9f177f88-51391,art/9f177f88-51391/cover.webp,1080,2376,https://pub-2b4562c758ed440ab047fe9523a2d99c.r2.dev/kodex-content/art/9f177f88-51391/cover.webp
spec-9f536007-51062,art/9f536007-51062/cover.webp,1080,2376,https://pub-2b4562c758ed440ab047fe9523a2d99c.r2.dev/kodex-content/art/9f536007-51062/cover.webp
spec-c0ca57d3-49951,art/c0ca57d3-49951/cover.webp,1080,2376,https://pub-2b4562c758ed440ab047fe9523a2d99c.r2.dev/kodex-content/art/c0ca57d3-49951/cover.webp
spec-c12b41aa-54281,art/c12b41aa-54281/cover.webp,1080,2376,https://pub-2b4562c758ed440ab047fe9523a2d99c.r2.dev/kodex-content/art/c12b41aa-54281/cover.webp
spec-c14cdeff-52834,art/c14cdeff-52834/cover.webp,1080,2376,https://pub-2b4562c758ed440ab047fe9523a2d99c.r2.dev/kodex-content/art/c14cdeff-52834/cover.webp
spec-c169b37b-50468,art/c169b37b-50468/cover.webp,1080,2376,https://pub-2b4562c758ed440ab047fe9523a2d99c.r2.dev/kodex-content/art/c169b37b-50468/cover.webp
spec-c18619b2-54416,art/c18619b2-54416/cover.webp,1080,2376,https://pub-2b4562c758ed440ab047fe9523a2d99c.r2.dev/kodex-content/art/c18619b2-54416/cover.webp
spec-c1f3e708-51466,art/c1f3e708-51466/cover.webp,1080,2376,https://pub-2b4562c758ed440ab047fe9523a2d99c.r2.dev/kodex-content/art/c1f3e708-51466/cover.webp
spec-c4ca3615-50448,art/c4ca3615-50448/cover.webp,1080,2376,https://pub-2b4562c758ed440ab047fe9523a2d99c.r2.dev/kodex-content/art/c4ca3615-50448/cover.webp
spec-c4e45f05-51188,art/c4e45f05-51188/cover.webp,1080,2376,https://pub-2b4562c758ed440ab047fe9523a2d99c.r2.dev/kodex-content/art/c4e45f05-51188/cover.webp
spec-c55b5de5-50998,art/c55b5de5-50998/cover.webp,1080,2376,https://pub-2b4562c758ed440ab047fe9523a2d99c.r2.dev/kodex-content/art/c55b5de5-50998/cover.webp
spec-c5a5f642-49267,art/c5a5f642-49267/cover.webp,1080,2376,https://pub-2b4562c758ed440ab047fe9523a2d99c.r2.dev/kodex-content/art/c5a5f642-49267/cover.webp
spec-c5c2998d-51072,art/c5c2998d-51072/cover.webp,1080,2376,https://pub-2b4562c758ed440ab047fe9523a2d99c.r2.dev/kodex-content/art/c5c2998d-51072/cover.webp
spec-c5cb2224-49886,art/c5cb2224-49886/cover.webp,1080,2376,https://pub-2b4562c758ed440ab047fe9523a2d99c.r2.dev/kodex-content/art/c5cb2224-49886/cover.webp
spec-c5e16c05-50451,art/c5e16c05-50451/cover.webp,1080,2376,https://pub-2b4562c758ed440ab047fe9523a2d99c.r2.dev/kodex-content/art/c5e16c05-50451/cover.webp
spec-c799706f-49764,art/c799706f-49764/cover.webp,1080,2376,https://pub-2b4562c758ed440ab047fe9523a2d99c.r2.dev/kodex-content/art/c799706f-49764/cover.webp
spec-c83b6cb1-50124,art/c83b6cb1-50124/cover.webp,1080,2376,https://pub-2b4562c758ed440ab047fe9523a2d99c.r2.dev/kodex-content/art/c83b6cb1-50124/cover.webp
spec-c89a97ff-50348,art/c89a97ff-50348/cover.webp,1080,2376,https://pub-2b4562c758ed440ab047fe9523a2d99c.r2.dev/kodex-content/art/c89a97ff-50348/cover.webp
spec-c8af329d-54243,art/c8af329d-54243/cover.webp,1080,2376,https://pub-2b4562c758ed440ab047fe9523a2d99c.r2.dev/kodex-content/art/c8af329d-54243/cover.webp
spec-c9179608-51332,art/c9179608-51332/cover.webp,1080,2376,https://pub-2b4562c758ed440ab047fe9523a2d99c.r2.dev/kodex-content/art/c9179608-51332/cover.webp
spec-c9523a49-53571,art/c9523a49-53571/cover.webp,1080,2376,https://pub-2b4562c758ed440ab047fe9523a2d99c.r2.dev/kodex-content/art/c9523a49-53571/cover.webp
spec-c9546369-49123,art/c9546369-49123/cover.webp,1080,2376,https://pub-2b4562c758ed440ab047fe9523a2d99c.r2.dev/kodex-content/art/c9546369-49123/cover.webp
spec-c979efb9-49823,art/c979efb9-49823/cover.webp,1080,2376,https://pub-2b4562c758ed440ab047fe9523a2d99c.r2.dev/kodex-content/art/c979efb9-49823/cover.webp
spec-ca3ed862-50489,art/ca3ed862-50489/cover.webp,1792,4000,https://pub-2b4562c758ed440ab047fe9523a2d99c.r2.dev/kodex-content/art/ca3ed862-50489/cover.webp
spec-cab2b37c-51214,art/cab2b37c-51214/cover.webp,1080,2376,https://pub-2b4562c758ed440ab047fe9523a2d99c.r2.dev/kodex-content/art/cab2b37c-51214/cover.webp
spec-cb26d10b-50967,art/cb26d10b-50967/cover.webp,1080,2376,https://pub-2b4562c758ed440ab047fe9523a2d99c.r2.dev/kodex-content/art/cb26d10b-50967/cover.webp
spec-cb4f7e12-51443,art/cb4f7e12-51443/cover.webp,1080,2376,https://pub-2b4562c758ed440ab047fe9523a2d99c.r2.dev/kodex-content/art/cb4f7e12-51443/cover.webp
spec-cb5d94a5-51071,art/cb5d94a5-51071/cover.webp,1080,2376,https://pub-2b4562c758ed440ab047fe9523a2d99c.r2.dev/kodex-content/art/cb5d94a5-51071/cover.webp
spec-cbda620b-49086,art/cbda620b-49086/cover.webp,1080,2376,https://pub-2b4562c758ed440ab047fe9523a2d99c.r2.dev/kodex-content/art/cbda620b-49086/cover.webp
spec-cc0dc21a-51409,art/cc0dc21a-51409/cover.webp,1080,2376,https://pub-2b4562c758ed440ab047fe9523a2d99c.r2.dev/kodex-content/art/cc0dc21a-51409/cover.webp
spec-cc10dce6-49153,art/cc10dce6-49153/cover.webp,1080,2376,https://pub-2b4562c758ed440ab047fe9523a2d99c.r2.dev/kodex-content/art/cc10dce6-49153/cover.webp
spec-cc1c4bec-49155,art/cc1c4bec-49155/cover.webp,1080,2376,https://pub-2b4562c758ed440ab047fe9523a2d99c.r2.dev/kodex-content/art/cc1c4bec-49155/cover.webp
spec-cc3156d5-54454,art/cc3156d5-54454/cover.webp,1080,2376,https://pub-2b4562c758ed440ab047fe9523a2d99c.r2.dev/kodex-content/art/cc3156d5-54454/cover.webp
spec-ccb1ffc3-49818,art/ccb1ffc3-49818/cover.webp,1080,2376,https://pub-2b4562c758ed440ab047fe9523a2d99c.r2.dev/kodex-content/art/ccb1ffc3-49818/cover.webp
spec-cd19a8e3-49810,art/cd19a8e3-49810/cover.webp,1080,2376,https://pub-2b4562c758ed440ab047fe9523a2d99c.r2.dev/kodex-content/art/cd19a8e3-49810/cover.webp
spec-cdc40c38-52705,art/cdc40c38-52705/cover.webp,1080,2376,https://pub-2b4562c758ed440ab047fe9523a2d99c.r2.dev/kodex-content/art/cdc40c38-52705/cover.webp
spec-cfccbf84-48823,art/cfccbf84-48823/cover.webp,1080,2376,https://pub-2b4562c758ed440ab047fe9523a2d99c.r2.dev/kodex-content/art/cfccbf84-48823/cover.webp
spec-d0ba868e-48812,art/d0ba868e-48812/cover.webp,1080,2376,https://pub-2b4562c758ed440ab047fe9523a2d99c.r2.dev/kodex-content/art/d0ba868e-48812/cover.webp
spec-d0d927c5-54419,art/d0d927c5-54419/cover.webp,1080,2376,https://pub-2b4562c758ed440ab047fe9523a2d99c.r2.dev/kodex-content/art/d0d927c5-54419/cover.webp
spec-d1510d56-50107,art/d1510d56-50107/cover.webp,1080,2376,https://pub-2b4562c758ed440ab047fe9523a2d99c.r2.dev/kodex-content/art/d1510d56-50107/cover.webp
spec-d1946807-52704,art/d1946807-52704/cover.webp,1080,2376,https://pub-2b4562c758ed440ab047fe9523a2d99c.r2.dev/kodex-content/art/d1946807-52704/cover.webp
spec-d1ed0412-52723,art/d1ed0412-52723/cover.webp,1080,2376,https://pub-2b4562c758ed440ab047fe9523a2d99c.r2.dev/kodex-content/art/d1ed0412-52723/cover.webp
spec-d21eaf1e-51057,art/d21eaf1e-51057/cover.webp,1080,2376,https://pub-2b4562c758ed440ab047fe9523a2d99c.r2.dev/kodex-content/art/d21eaf1e-51057/cover.webp
spec-d2770ac5-54857,art/d2770ac5-54857/cover.webp,780,1688,https://pub-2b4562c758ed440ab047fe9523a2d99c.r2.dev/kodex-content/art/d2770ac5-54857/cover.webp
spec-d311a360-49094,art/d311a360-49094/cover.webp,1080,2376,https://pub-2b4562c758ed440ab047fe9523a2d99c.r2.dev/kodex-content/art/d311a360-49094/cover.webp
spec-d3ae3bc6-49100,art/d3ae3bc6-49100/cover.webp,1080,2376,https://pub-2b4562c758ed440ab047fe9523a2d99c.r2.dev/kodex-content/art/d3ae3bc6-49100/cover.webp
spec-d3cd5617-49629,art/d3cd5617-49629/cover.webp,1080,2376,https://pub-2b4562c758ed440ab047fe9523a2d99c.r2.dev/kodex-content/art/d3cd5617-49629/cover.webp
spec-d3f33c36-49666,art/d3f33c36-49666/cover.webp,1080,2376,https://pub-2b4562c758ed440ab047fe9523a2d99c.r2.dev/kodex-content/art/d3f33c36-49666/cover.webp
spec-d417e101-53182,art/d417e101-53182/cover.webp,1080,2376,https://pub-2b4562c758ed440ab047fe9523a2d99c.r2.dev/kodex-content/art/d417e101-53182/cover.webp
spec-d4f3d385-48728,art/d4f3d385-48728/cover.webp,1080,2376,https://pub-2b4562c758ed440ab047fe9523a2d99c.r2.dev/kodex-content/art/d4f3d385-48728/cover.webp
spec-d557b957-50258,art/d557b957-50258/cover.webp,1080,2376,https://pub-2b4562c758ed440ab047fe9523a2d99c.r2.dev/kodex-content/art/d557b957-50258/cover.webp
spec-d5baba65-49794,art/d5baba65-49794/cover.webp,1080,2376,https://pub-2b4562c758ed440ab047fe9523a2d99c.r2.dev/kodex-content/art/d5baba65-49794/cover.webp
spec-d5bfc54d-49598,art/d5bfc54d-49598/cover.webp,1080,2376,https://pub-2b4562c758ed440ab047fe9523a2d99c.r2.dev/kodex-content/art/d5bfc54d-49598/cover.webp
spec-d66f6f8b-51333,art/d66f6f8b-51333/cover.webp,1080,2376,https://pub-2b4562c758ed440ab047fe9523a2d99c.r2.dev/kodex-content/art/d66f6f8b-51333/cover.webp
spec-d87040f2-54248,art/d87040f2-54248/cover.webp,1080,2376,https://pub-2b4562c758ed440ab047fe9523a2d99c.r2.dev/kodex-content/art/d87040f2-54248/cover.webp
spec-da2e5596-52177,art/da2e5596-52177/cover.webp,1080,2376,https://pub-2b4562c758ed440ab047fe9523a2d99c.r2.dev/kodex-content/art/da2e5596-52177/cover.webp
spec-db0092a0-49214,art/db0092a0-49214/cover.webp,1080,2376,https://pub-2b4562c758ed440ab047fe9523a2d99c.r2.dev/kodex-content/art/db0092a0-49214/cover.webp
spec-dc300600-49674,art/dc300600-49674/cover.webp,1080,2376,https://pub-2b4562c758ed440ab047fe9523a2d99c.r2.dev/kodex-content/art/dc300600-49674/cover.webp
spec-e366531a-53850,art/e366531a-53850/cover.webp,1080,2376,https://pub-2b4562c758ed440ab047fe9523a2d99c.r2.dev/kodex-content/art/e366531a-53850/cover.webp
spec-e5ca537b-49251,art/e5ca537b-49251/cover.webp,1080,2376,https://pub-2b4562c758ed440ab047fe9523a2d99c.r2.dev/kodex-content/art/e5ca537b-49251/cover.webp
spec-e686c4c9-52897,art/e686c4c9-52897/cover.webp,1080,2376,https://pub-2b4562c758ed440ab047fe9523a2d99c.r2.dev/kodex-content/art/e686c4c9-52897/cover.webp
spec-e69de0a1-49684,art/e69de0a1-49684/cover.webp,1080,2376,https://pub-2b4562c758ed440ab047fe9523a2d99c.r2.dev/kodex-content/art/e69de0a1-49684/cover.webp
spec-e6c47be8-50737,art/e6c47be8-50737/cover.webp,1080,2376,https://pub-2b4562c758ed440ab047fe9523a2d99c.r2.dev/kodex-content/art/e6c47be8-50737/cover.webp
spec-e6d57a17-51002,art/e6d57a17-51002/cover.webp,1080,2376,https://pub-2b4562c758ed440ab047fe9523a2d99c.r2.dev/kodex-content/art/e6d57a17-51002/cover.webp
spec-e7772061-51026,art/e7772061-51026/cover.webp,1080,2376,https://pub-2b4562c758ed440ab047fe9523a2d99c.r2.dev/kodex-content/art/e7772061-51026/cover.webp
spec-e778ffa7-49101,art/e778ffa7-49101/cover.webp,1080,2376,https://pub-2b4562c758ed440ab047fe9523a2d99c.r2.dev/kodex-content/art/e778ffa7-49101/cover.webp
spec-e77aba16-49263,art/e77aba16-49263/cover.webp,1080,2376,https://pub-2b4562c758ed440ab047fe9523a2d99c.r2.dev/kodex-content/art/e77aba16-49263/cover.webp
spec-e7ce3f3c-48898,art/e7ce3f3c-48898/cover.webp,1080,2376,https://pub-2b4562c758ed440ab047fe9523a2d99c.r2.dev/kodex-content/art/e7ce3f3c-48898/cover.webp
spec-e83b6fcb-49814,art/e83b6fcb-49814/cover.webp,1080,2376,https://pub-2b4562c758ed440ab047fe9523a2d99c.r2.dev/kodex-content/art/e83b6fcb-49814/cover.webp
spec-e862cb17-52176,art/e862cb17-52176/cover.webp,1080,2376,https://pub-2b4562c758ed440ab047fe9523a2d99c.r2.dev/kodex-content/art/e862cb17-52176/cover.webp
spec-e9163423-49783,art/e9163423-49783/cover.webp,1080,2376,https://pub-2b4562c758ed440ab047fe9523a2d99c.r2.dev/kodex-content/art/e9163423-49783/cover.webp
spec-e91be058-49809,art/e91be058-49809/cover.webp,1080,2376,https://pub-2b4562c758ed440ab047fe9523a2d99c.r2.dev/kodex-content/art/e91be058-49809/cover.webp
spec-e991f09e-50459,art/e991f09e-50459/cover.webp,1080,2376,https://pub-2b4562c758ed440ab047fe9523a2d99c.r2.dev/kodex-content/art/e991f09e-50459/cover.webp
spec-e9e954b9-54484,art/e9e954b9-54484/cover.webp,1080,2376,https://pub-2b4562c758ed440ab047fe9523a2d99c.r2.dev/kodex-content/art/e9e954b9-54484/cover.webp
spec-ea0c6137-50014,art/ea0c6137-50014/cover.webp,1080,2376,https://pub-2b4562c758ed440ab047fe9523a2d99c.r2.dev/kodex-content/art/ea0c6137-50014/cover.webp
spec-eb1b9f98-51380,art/eb1b9f98-51380/cover.webp,1080,2376,https://pub-2b4562c758ed440ab047fe9523a2d99c.r2.dev/kodex-content/art/eb1b9f98-51380/cover.webp
spec-eb645fbb-50440,art/eb645fbb-50440/cover.webp,1080,2376,https://pub-2b4562c758ed440ab047fe9523a2d99c.r2.dev/kodex-content/art/eb645fbb-50440/cover.webp
spec-ebad56c2-50208,art/ebad56c2-50208/cover.webp,1800,3955,https://pub-2b4562c758ed440ab047fe9523a2d99c.r2.dev/kodex-content/art/ebad56c2-50208/cover.webp
spec-ebe997dc-49870,art/ebe997dc-49870/cover.webp,1080,2376,https://pub-2b4562c758ed440ab047fe9523a2d99c.r2.dev/kodex-content/art/ebe997dc-49870/cover.webp
spec-ec0aa773-54959,art/ec0aa773-54959/cover.webp,1080,2376,https://pub-2b4562c758ed440ab047fe9523a2d99c.r2.dev/kodex-content/art/ec0aa773-54959/cover.webp
spec-ec618eb3-49124,art/ec618eb3-49124/cover.webp,1080,2376,https://pub-2b4562c758ed440ab047fe9523a2d99c.r2.dev/kodex-content/art/ec618eb3-49124/cover.webp
spec-eca81b50-51371,art/eca81b50-51371/cover.webp,1080,2376,https://pub-2b4562c758ed440ab047fe9523a2d99c.r2.dev/kodex-content/art/eca81b50-51371/cover.webp
spec-ecdd74c7-52171,art/ecdd74c7-52171/cover.webp,1080,2376,https://pub-2b4562c758ed440ab047fe9523a2d99c.r2.dev/kodex-content/art/ecdd74c7-52171/cover.webp
spec-ed4884fd-52724,art/ed4884fd-52724/cover.webp,1080,2376,https://pub-2b4562c758ed440ab047fe9523a2d99c.r2.dev/kodex-content/art/ed4884fd-52724/cover.webp
spec-edbd212f-51073,art/edbd212f-51073/cover.webp,1080,2376,https://pub-2b4562c758ed440ab047fe9523a2d99c.r2.dev/kodex-content/art/edbd212f-51073/cover.webp
spec-edc1f467-51312,art/edc1f467-51312/cover.webp,1080,2376,https://pub-2b4562c758ed440ab047fe9523a2d99c.r2.dev/kodex-content/art/edc1f467-51312/cover.webp
spec-ee28450a-49598,art/ee28450a-49598/cover.webp,1080,2376,https://pub-2b4562c758ed440ab047fe9523a2d99c.r2.dev/kodex-content/art/ee28450a-49598/cover.webp
spec-ee5a6d65-51107,art/ee5a6d65-51107/cover.webp,1080,2376,https://pub-2b4562c758ed440ab047fe9523a2d99c.r2.dev/kodex-content/art/ee5a6d65-51107/cover.webp
spec-ef06ab7a-49531,art/ef06ab7a-49531/cover.webp,1080,2376,https://pub-2b4562c758ed440ab047fe9523a2d99c.r2.dev/kodex-content/art/ef06ab7a-49531/cover.webp
spec-ef52a768-51061,art/ef52a768-51061/cover.webp,1080,2376,https://pub-2b4562c758ed440ab047fe9523a2d99c.r2.dev/kodex-content/art/ef52a768-51061/cover.webp
spec-ef5903cc-51185,art/ef5903cc-51185/cover.webp,1080,2376,https://pub-2b4562c758ed440ab047fe9523a2d99c.r2.dev/kodex-content/art/ef5903cc-51185/cover.webp
spec-ef6bbe73-49126,art/ef6bbe73-49126/cover.webp,1080,2376,https://pub-2b4562c758ed440ab047fe9523a2d99c.r2.dev/kodex-content/art/ef6bbe73-49126/cover.webp
spec-efccb9ae-49078,art/efccb9ae-49078/cover.webp,1080,2376,https://pub-2b4562c758ed440ab047fe9523a2d99c.r2.dev/kodex-content/art/efccb9ae-49078/cover.webp
spec-f017d213-50996,art/f017d213-50996/cover.webp,1080,2376,https://pub-2b4562c758ed440ab047fe9523a2d99c.r2.dev/kodex-content/art/f017d213-50996/cover.webp
spec-f0197b74-49883,art/f0197b74-49883/cover.webp,1080,2376,https://pub-2b4562c758ed440ab047fe9523a2d99c.r2.dev/kodex-content/art/f0197b74-49883/cover.webp
spec-f095c359-53570,art/f095c359-53570/cover.webp,1080,2376,https://pub-2b4562c758ed440ab047fe9523a2d99c.r2.dev/kodex-content/art/f095c359-53570/cover.webp
spec-f0a22503-50253,art/f0a22503-50253/cover.webp,1080,2376,https://pub-2b4562c758ed440ab047fe9523a2d99c.r2.dev/kodex-content/art/f0a22503-50253/cover.webp
spec-f0db1e3c-46896,art/f0db1e3c-46896/cover.webp,1080,2376,https://pub-2b4562c758ed440ab047fe9523a2d99c.r2.dev/kodex-content/art/f0db1e3c-46896/cover.webp
spec-f0eb1256-52174,art/f0eb1256-52174/cover.webp,1080,2376,https://pub-2b4562c758ed440ab047fe9523a2d99c.r2.dev/kodex-content/art/f0eb1256-52174/cover.webp
spec-f11b028a-51149,art/f11b028a-51149/cover.webp,1080,2376,https://pub-2b4562c758ed440ab047fe9523a2d99c.r2.dev/kodex-content/art/f11b028a-51149/cover.webp
spec-f12fd888-54319,art/f12fd888-54319/cover.webp,1080,2376,https://pub-2b4562c758ed440ab047fe9523a2d99c.r2.dev/kodex-content/art/f12fd888-54319/cover.webp
spec-f16c697f-51249,art/f16c697f-51249/cover.webp,1080,2376,https://pub-2b4562c758ed440ab047fe9523a2d99c.r2.dev/kodex-content/art/f16c697f-51249/cover.webp
spec-f1af6059-54720,art/f1af6059-54720/cover.webp,1080,2376,https://pub-2b4562c758ed440ab047fe9523a2d99c.r2.dev/kodex-content/art/f1af6059-54720/cover.webp
spec-f25b46e4-51262,art/f25b46e4-51262/cover.webp,1800,3955,https://pub-2b4562c758ed440ab047fe9523a2d99c.r2.dev/kodex-content/art/f25b46e4-51262/cover.webp
spec-f27990ac-50093,art/f27990ac-50093/cover.webp,1080,2376,https://pub-2b4562c758ed440ab047fe9523a2d99c.r2.dev/kodex-content/art/f27990ac-50093/cover.webp
spec-f2dc8642-50356,art/f2dc8642-50356/cover.webp,1080,2376,https://pub-2b4562c758ed440ab047fe9523a2d99c.r2.dev/kodex-content/art/f2dc8642-50356/cover.webp
spec-f355b787-54762,art/f355b787-54762/cover.webp,1080,2376,https://pub-2b4562c758ed440ab047fe9523a2d99c.r2.dev/kodex-content/art/f355b787-54762/cover.webp
spec-f3a89b36-54713,art/f3a89b36-54713/cover.webp,1080,2376,https://pub-2b4562c758ed440ab047fe9523a2d99c.r2.dev/kodex-content/art/f3a89b36-54713/cover.webp
spec-f454a457-50391,art/f454a457-50391/cover.webp,1080,2376,https://pub-2b4562c758ed440ab047fe9523a2d99c.r2.dev/kodex-content/art/f454a457-50391/cover.webp
spec-f48e7023-48727,art/f48e7023-48727/cover.webp,1080,2376,https://pub-2b4562c758ed440ab047fe9523a2d99c.r2.dev/kodex-content/art/f48e7023-48727/cover.webp
spec-f490aa55-48813,art/f490aa55-48813/cover.webp,1080,2376,https://pub-2b4562c758ed440ab047fe9523a2d99c.r2.dev/kodex-content/art/f490aa55-48813/cover.webp
spec-f513ac50-54279,art/f513ac50-54279/cover.webp,218,490,https://pub-2b4562c758ed440ab047fe9523a2d99c.r2.dev/kodex-content/art/f513ac50-54279/cover.webp
spec-f537a87e-54953,art/f537a87e-54953/cover.webp,1080,2376,https://pub-2b4562c758ed440ab047fe9523a2d99c.r2.dev/kodex-content/art/f537a87e-54953/cover.webp
spec-f65e0d13-54707,art/f65e0d13-54707/cover.webp,1080,2376,https://pub-2b4562c758ed440ab047fe9523a2d99c.r2.dev/kodex-content/art/f65e0d13-54707/cover.webp
spec-f65f84ae-49200,art/f65f84ae-49200/cover.webp,1080,2376,https://pub-2b4562c758ed440ab047fe9523a2d99c.r2.dev/kodex-content/art/f65f84ae-49200/cover.webp
spec-f6e499d2-49087,art/f6e499d2-49087/cover.webp,1080,2376,https://pub-2b4562c758ed440ab047fe9523a2d99c.r2.dev/kodex-content/art/f6e499d2-49087/cover.webp
spec-f79a524c-51397,art/f79a524c-51397/cover.webp,1080,2376,https://pub-2b4562c758ed440ab047fe9523a2d99c.r2.dev/kodex-content/art/f79a524c-51397/cover.webp
spec-f7c0d62c-49204,art/f7c0d62c-49204/cover.webp,1080,2376,https://pub-2b4562c758ed440ab047fe9523a2d99c.r2.dev/kodex-content/art/f7c0d62c-49204/cover.webp
spec-f81d8cf8-53846,art/f81d8cf8-53846/cover.webp,1080,2376,https://pub-2b4562c758ed440ab047fe9523a2d99c.r2.dev/kodex-content/art/f81d8cf8-53846/cover.webp
spec-f9d58444-48818,art/f9d58444-48818/cover.webp,1080,2376,https://pub-2b4562c758ed440ab047fe9523a2d99c.r2.dev/kodex-content/art/f9d58444-48818/cover.webp
spec-fabd8fa5-51289,art/fabd8fa5-51289/cover.webp,1080,2376,https://pub-2b4562c758ed440ab047fe9523a2d99c.r2.dev/kodex-content/art/fabd8fa5-51289/cover.webp
spec-fc0aa7ba-54240,art/fc0aa7ba-54240/cover.webp,1080,2376,https://pub-2b4562c758ed440ab047fe9523a2d99c.r2.dev/kodex-content/art/fc0aa7ba-54240/cover.webp
spec-fc511b20-48900,art/fc511b20-48900/cover.webp,1080,2376,https://pub-2b4562c758ed440ab047fe9523a2d99c.r2.dev/kodex-content/art/fc511b20-48900/cover.webp
spec-fc52be73-50437,art/fc52be73-50437/cover.webp,1080,2376,https://pub-2b4562c758ed440ab047fe9523a2d99c.r2.dev/kodex-content/art/fc52be73-50437/cover.webp
spec-fcc4d95a-49868,art/fcc4d95a-49868/cover.webp,1080,2376,https://pub-2b4562c758ed440ab047fe9523a2d99c.r2.dev/kodex-content/art/fcc4d95a-49868/cover.webp
spec-fcfeacae-51959,art/fcfeacae-51959/cover.webp,1080,2376,https://pub-2b4562c758ed440ab047fe9523a2d99c.r2.dev/kodex-content/art/fcfeacae-51959/cover.webp
spec-fd2e8a04-51434,art/fd2e8a04-51434/cover.webp,1080,2376,https://pub-2b4562c758ed440ab047fe9523a2d99c.r2.dev/kodex-content/art/fd2e8a04-51434/cover.webp
spec-fdfa864c-54242,art/fdfa864c-54242/cover.webp,1080,2376,https://pub-2b4562c758ed440ab047fe9523a2d99c.r2.dev/kodex-content/art/fdfa864c-54242/cover.webp
spec-fe1f0beb-54241,art/fe1f0beb-54241/cover.webp,1080,2376,https://pub-2b4562c758ed440ab047fe9523a2d99c.r2.dev/kodex-content/art/fe1f0beb-54241/cover.webp
spec-fe3f531d-51141,art/fe3f531d-51141/cover.webp,1080,2376,https://pub-2b4562c758ed440ab047fe9523a2d99c.r2.dev/kodex-content/art/fe3f531d-51141/cover.webp
spec-feb5f570-49208,art/feb5f570-49208/cover.webp,1080,2376,https://pub-2b4562c758ed440ab047fe9523a2d99c.r2.dev/kodex-content/art/feb5f570-49208/cover.webp
spec-fec3ba6c-50392,art/fec3ba6c-50392/cover.webp,1080,2376,https://pub-2b4562c758ed440ab047fe9523a2d99c.r2.dev/kodex-content/art/fec3ba6c-50392/cover.webp
spec-fed29a22-49803,art/fed29a22-49803/cover.webp,1080,2376,https://pub-2b4562c758ed440ab047fe9523a2d99c.r2.dev/kodex-content/art/fed29a22-49803/cover.webp
spec-feee4c05-50022,art/feee4c05-50022/cover.webp,1080,2376,https://pub-2b4562c758ed440ab047fe9523a2d99c.r2.dev/kodex-content/art/feee4c05-50022/cover.webp
spec-fef7ff7a-49745,art/fef7ff7a-49745/cover.webp,1080,2376,https://pub-2b4562c758ed440ab047fe9523a2d99c.r2.dev/kodex-content/art/fef7ff7a-49745/cover.webp
spec-fef8bc3d-46850,art/fef8bc3d-46850/cover.webp,1080,2376,https://pub-2b4562c758ed440ab047fe9523a2d99c.r2.dev/kodex-content/art/fef8bc3d-46850/cover.webp
spec-ff1fa38d-51268,art/ff1fa38d-51268/cover.webp,1080,2376,https://pub-2b4562c758ed440ab047fe9523a2d99c.r2.dev/kodex-content/art/ff1fa38d-51268/cover.webp
spec-ff77d7f5-49904,art/ff77d7f5-49904/cover.webp,1080,2376,https://pub-2b4562c758ed440ab047fe9523a2d99c.r2.dev/kodex-content/art/ff77d7f5-49904/cover.webp
spec-ffa0ab6c-49260,art/ffa0ab6c-49260/cover.webp,1080,2376,https://pub-2b4562c758ed440ab047fe9523a2d99c.r2.dev/kodex-content/art/ffa0ab6c-49260/cover.webp
spec-ffdcb5cd-50090,art/ffdcb5cd-50090/cover.webp,1080,2376,https://pub-2b4562c758ed440ab047fe9523a2d99c.r2.dev/kodex-content/art/ffdcb5cd-50090/cover.webp
spec-fffff88d-52726,art/fffff88d-52726/cover.webp,1080,2376,https://pub-2b4562c758ed440ab047fe9523a2d99c.r2.dev/kodex-content/art/fffff88d-52726/cover.webp
spec-730586cd-55287,art/730586cd-55287/cover.webp,1080,2376,https://pub-2b4562c758ed440ab047fe9523a2d99c.r2.dev/kodex-content/art/730586cd-55287/cover.webp
